vote_average,title
7.7,Toy Story
6.9,Jumanji
6.5,Grumpier Old Men
6.1,Waiting to Exhale
5.7,Father of the Bride Part II
7.7,Heat
6.2,Sabrina
5.4,Tom and Huck
5.5,Sudden Death
6.6,GoldenEye
6.5,The American President
5.7,Dracula: Dead and Loving It
7.1,Balto
7.1,Nixon
5.7,Cutthroat Island
7.8,Casino
7.2,Sense and Sensibility
6.5,Four Rooms
6.1,Ace Ventura: When Nature Calls
5.4,Money Train
6.4,Get Shorty
6.5,Copycat
6.0,Assassins
6.3,Powder
7.1,Leaving Las Vegas
7.0,Othello
6.6,Now and Then
7.4,Persuasion
7.6,The City of Lost Children
6.4,Dangerous Minds
7.4,Twelve Monkeys
6.8,Wings of Courage
6.0,Babe
6.4,Carrington
7.3,Dead Man Walking
3.5,Across the Sea of Time
6.1,It Takes Two
6.9,Clueless
6.7,"Cry, the Beloved Country"
6.9,Richard III
6.6,Dead Presidents
6.3,Restoration
5.4,Mortal Kombat
6.7,To Die For
6.5,How To Make An American Quilt
8.1,Se7en
6.7,Pocahontas
5.9,When Night Is Falling
8.1,The Usual Suspects
6.3,Guardian Angel
6.7,Mighty Aphrodite
7.7,Lamerica
5.2,The Big Green
6.1,Georgia
3.0,Kids of the Round Table
6.3,Home for the Holidays
7.6,The Postman
6.5,The Confessional
5.9,The Indian in the Cupboard
5.8,Eye for an Eye
6.9,Mr. Holland's Opus
6.2,Don't Be a Menace to South Central While Drinking Your Juice in the Hood
4.5,Two If by Sea
4.4,Bio-Dome
2.8,Lawnmower Man 2: Beyond Cyberspace
5.4,Two Bits
6.0,French Twist
7.0,Friday
6.9,From Dusk Till Dawn
4.1,Fair Game
7.0,Kicking and Screaming
6.6,Les Miserables
5.1,Bed of Roses
3.9,Big Bully
6.1,Screamers
7.3,Nico Icon
6.1,The Crossing Guard
5.5,The Juror
6.7,Things to Do in Denver When You're Dead
4.5,Once Upon a Time... When We Were Colored
6.3,Angels and Insects
6.3,White Squall
5.1,Dunston Checks In
6.0,Black Sheep
6.1,Nick of Time
6.7,The Journey of August King
5.7,Mary Reilly
4.5,Vampire in Brooklyn
6.6,Beautiful Girls
5.7,Broken Arrow
7.5,A Midwinter's Tale
7.9,La Haine
5.6,Shopping
6.8,Heidi Fleiss: Hollywood Madam
6.0,City Hall
6.8,Bottle Rocket
3.3,Mr. Wrong
5.3,Unforgettable
6.5,Happy Gilmore
7.3,The Bridges of Madison County
5.1,Nobody Loves Me
6.5,Muppet Treasure Island
7.0,Catwalk
7.7,Braveheart
8.1,Taxi Driver
5.8,Before and After
7.5,Margaret's Museum
7.0,Happiness Is in the Field
7.3,Anne Frank Remembered
6.9,The Young Poisoner's Handbook
5.4,If Lucy Fell
5.1,Steal Big Steal Little
5.2,Race the Sun
7.0,The Boys of St. Vincent
5.4,Boomerang
6.8,The Star Maker
6.3,Flirting with Disaster
4.4,The Neverending Story III: Escape from Fantasia
7.0,Pie in the Sky
5.6,Angela
5.4,Frankie Starlight
5.1,Jade
5.5,Nueba Yol
5.6,Down Periscope
6.5,From the Journals of Jean Seberg
3.8,Man of the Year
7.2,The Neon Bible
5.9,Up Close & Personal
6.7,The Birdcage
7.0,Virgin Mary
6.3,The Brothers McMullen
6.5,Bad Boys
5.0,The Amazing Panda Adventure
7.2,The Basketball Diaries
6.0,An Awfully Big Adventure
6.5,Amateur
7.3,Apollo 13
6.5,Rob Roy
6.4,The Addiction
5.2,Batman Forever
7.3,Belle de Jour
6.4,Beyond Rangoon
6.8,Blue in the Face
5.9,Canadian Bacon
6.0,Casper
6.8,Clockers
5.0,Congo
7.0,Crimson Tide
7.6,Crumb
6.8,Desperado
6.3,Devil in a Blue Dress
6.9,Die Hard: With a Vengeance
5.6,The Doom Generation
5.9,First Knight
5.5,Free Willy 2 - The Adventure Home
6.2,Hackers
6.5,Jeffrey
5.5,Johnny Mnemonic
5.4,Judge Dredd
4.0,Jury Duty
6.8,Kids
7.2,Living in Oblivion
5.9,Lord of Illusions
7.0,Love & Human Remains
5.5,Mad Love
6.8,Mallrats
5.2,Mighty Morphin Power Rangers: The Movie
5.6,Moonlight and Valentino
6.4,Mute Witness
5.9,Nadja
5.6,The Net
5.5,Nine Months
5.8,Party Girl
6.4,The Prophecy
10.0,Reckless
7.2,Safe
5.5,The Scarlet Letter
4.9,Showgirls
7.2,Smoke
5.7,Something to Talk About
5.5,Species
6.6,The Stars Fell on Henrietta
6.8,Strange Days
7.6,The Umbrellas of Cherbourg
4.6,The Tie That Binds
6.1,Three Wishes
6.5,Total Eclipse
6.3,"To Wong Foo, Thanks for Everything! Julie Newmar"
5.6,Under Siege 2: Dark Territory
6.4,Unstrung Heroes
6.0,Unzipped
6.5,A Walk in the Clouds
5.9,Waterworld
5.1,White Man's Burden
5.9,Wild Bill
6.0,The Browning Version
4.9,Bushwhacked
7.7,Before the Rain
7.7,Before Sunrise
6.2,Billy Madison
4.7,The Babysitter
6.3,Boys on the Side
7.2,The Cure
5.8,Castle Freak
6.5,Circle of Friends
7.4,Clerks
6.3,Don Juan DeMarco
5.9,Disclosure
2.5,Dream Man
5.1,Drop Zone
5.3,Destiny Turns on the Radio
7.1,Death and the Maiden
7.1,Dolores Claiborne
6.5,Dumb and Dumber
6.5,Exotica
4.3,Exit to Eden
7.3,Ed Wood
6.2,French Kiss
6.1,Forget Paris
5.6,Far from Home: The Adventures of Yellow Dog
6.7,A Goofy Movie
5.0,Hideaway
6.6,Fluke
5.9,Farinelli
3.0,Gordy
5.0,Gumby: The Movie
5.4,The Glass Shield
7.7,Hoop Dreams
6.9,Heavenly Creatures
6.0,Houseguest
6.9,Immortal Beloved
6.0,Heavyweights
6.0,The Hunted
5.9,I.Q.
7.2,Interview with the Vampire
5.2,Jefferson in Paris
4.8,The Jerky Boys
4.7,Junior
6.0,Just Cause
4.3,A Kid in King Arthur's Court
5.7,Kiss of Death
8.1,Star Wars
7.0,Little Women
7.4,A Little Princess
7.4,Ladybird Ladybird
6.6,L'Enfer
6.6,Like Water for Chocolate
7.2,Legends of the Fall
6.1,Major Payne
6.4,Little Odessa
5.7,Mi Vida Loca
4.3,Love Affair
6.4,Losing Isaiah
6.7,The Madness of King George
6.1,Mary Shelley's Frankenstein
5.1,Man of the House
5.2,Mixed Nuts
5.6,Milk Money
6.4,Miracle on 34th Street
5.6,Miami Rhapsody
7.0,My Family
6.9,Murder in the First
7.0,Nobody's Fool
6.1,Nell
6.9,New Jersey Drive
4.0,Beyond Bedlam
4.6,Nemesis 2 - Nebula
7.4,Nina Takes a Lover
6.9,Natural Born Killers
6.4,Only You
7.6,Once Were Warriors
4.6,Poison Ivy II: Lily
6.4,Outbreak
8.2,Leon: The Professional
6.6,The Perez Family
7.0,A Pyromaniac's Love Story
8.3,Pulp Fiction
6.4,Panther
6.4,Priest
7.1,Quiz Show
7.4,Picture Bride
7.0,Queen Margot
6.2,The Quick and the Dead
5.3,Prêt-à-Porter
7.8,Three Colors: Red
7.7,Three Colors: Blue
7.3,Three Colors: White
5.1,Rent-a-Kid
4.7,Relative Fear
5.0,Stuart Saves His Family
6.5,The Swan Princess
6.1,The Secret of Roan Inish
5.5,The Specialist
6.8,Stargate
6.3,The Santa Clause
8.5,The Shawshank Redemption
7.0,Shallow Grave
6.0,Suture
7.1,Strawberry and Chocolate
6.7,Swimming with Sharks
6.0,The Sum of Us
5.7,Senior Trip
5.5,Tank Girl
6.7,Tales from the Crypt: Demon Knight
6.4,Star Trek: Generations
5.4,Tales from the Hood
5.8,Tom & Viv
5.6,Village of the Damned
6.8,Tommy Boy
6.1,Vanya on 42nd Street
5.6,The Underneath
6.6,The Walking Dead
7.5,What's Eating Gilbert Grape
5.4,Virtuosity
6.5,While You Were Sleeping
6.3,The War
5.5,Double Happiness
6.9,Muriel's Wedding
5.3,The Baby-Sitters Club
6.4,Ace Ventura: Pet Detective
7.2,"The Adventures of Priscilla, Queen of the Desert"
6.2,Backbeat
7.0,Bitter Moon
7.0,Bullets Over Broadway
6.4,Clear and Present Danger
6.4,The Client
6.4,"Corrina, Corrina"
6.7,Crooklyn
7.3,The Crow
6.1,Cobb
5.0,The Flintstones
8.2,Forrest Gump
6.6,Four Weddings and a Funeral
6.4,Higher Learning
6.3,I Like It Like That
5.3,I Love Trouble
6.1,It Could Happen to You
5.9,The Jungle Book
7.3,"The Wonderful, Horrible Life of Leni Riefenstahl"
8.0,The Lion King
6.0,Little Buddha
6.4,New Nightmare
6.6,The Mask
6.6,Maverick
6.3,Mrs. Parker and the Vicious Circle
6.4,The Naked Gun 33⅓: The Final Insult
6.1,The Paper
6.5,Reality Bites
6.4,Red Rock West
5.4,Ri¢hie Ri¢h
4.9,Safe Passage
6.1,The River Wild
6.8,Speed
5.5,Speechless
5.5,Timecop
6.8,True Lies
6.0,When a Man Loves a Woman
6.0,Wolf
6.5,Wyatt Earp
4.9,Bad Company
6.5,A Man of No Importance
6.1,S.F.W.
6.0,A Low Down Dirty Shame
2.0,"Boys Life: Three Stories of Love, Lust, and Liberation"
5.9,Colonel Chabert
6.5,"Faster, Pussycat! Kill! Kill!"
5.9,Jason's Lyric
7.1,The Secret Adventures of Tom Thumb
4.1,Street Fighter
6.7,Coldblooded
6.3,Fall Time
3.4,The Fear
7.5,Frank and Ollie
10.0,Girl in the Cadillac
4.0,Mirage
5.0,Dos Crímenes
4.0,Brother Minister: The Assassination of Malcolm X
4.5,Highlander: The Final Dimension
5.0,Federal Hill
7.1,In the Mouth of Madness
7.2,8 Seconds
6.7,Above the Rim
6.5,Addams Family Values
4.5,Martin Lawrence: You So Crazy
7.0,The Age of Innocence
5.8,Airheads
5.1,The Air Up There
4.9,Another Stakeout
4.6,Bad Girls
6.6,Barcelona
5.0,Being Human
5.0,The Beverly Hillbillies
5.5,Beverly Hills Cop III
6.6,Black Beauty
6.3,Blink
6.0,Blown Away
5.7,Blue Chips
6.1,Blue Sky
5.8,Body Snatchers
4.5,Boxing Helena
7.4,A Bronx Tale
4.9,Cabin Boy
3.7,Calendar Girl
7.7,Carlito's Way
4.9,City Slickers II: The Legend of Curly's Gold
5.7,Clean Slate
6.1,Cliffhanger
4.8,Coneheads
5.4,Color of Night
5.0,Cops & Robbersons
5.1,The Cowboy Way
5.4,Dangerous Game
6.3,Dave
7.4,Dazed and Confused
6.4,Demolition Man
7.1,The Endless Summer 2
4.2,Even Cowgirls Get the Blues
5.4,Fatal Instinct
3.3,The Favor
6.8,Fearless
5.8,Fear of a Black Hat
6.1,With Honors
6.2,Flesh and Bone
4.3,Widows' Peak
5.7,For Love or Money
6.6,The Firm
6.0,Free Willy
7.6,Fresh
7.2,The Fugitive
5.9,Geronimo: An American Legend
5.4,The Getaway
4.5,Getting Even with Dad
3.9,Go Fish
5.2,A Good Man in Africa
5.6,Guilty as Sin
6.1,Hard Target
6.4,Heaven & Earth
6.2,Hot Shots! Part Deux
4.7,Live Nude Girls
6.1,The Englishman Who Went Up a Hill But Came Down a Mountain
6.7,The House of the Spirits
4.6,House Party 3
7.1,The Hudsucker Proxy
5.7,I'll Do Anything
4.7,In the Army Now
6.8,In the Line of Fire
7.6,In the Name of the Father
3.9,The Inkwell
6.9,What's Love Got to Do with It
4.6,Jimmy Hollywood
6.4,Judgment Night
7.6,Jurassic Park
6.5,Kalifornia
6.1,Killing Zoe
6.4,King of the Hill
6.1,Lassie
6.1,Last Action Hero
5.1,Life With Mikey
5.7,Lightning Jack
6.6,M. Butterfly
5.3,Made in America
5.9,Malice
6.2,The Man without a Face
7.1,Manhattan Murder Mystery
7.2,Menace II Society
5.8,Executive Decision
6.5,In the Realm of the Senses
7.0,What Happened Was...
7.2,Much Ado About Nothing
5.9,Mr. Jones
5.5,Mr. Wonderful
7.0,Mrs. Doubtfire
7.5,Naked
4.8,The Next Karate Kid
4.8,The New Age
6.1,No Escape
4.8,North
6.7,Orlando
7.2,A Perfect World
7.6,Philadelphia
7.1,The Piano
6.9,Poetic Justice
6.0,The Program
5.6,The Puppet Masters
5.8,Radioland Murders
6.7,The Ref
7.5,The Remains of the Day
5.9,Renaissance Man
5.8,Rising Sun
5.5,The Road to Wellville
4.2,RoboCop 3
6.4,Robin Hood: Men in Tights
5.7,Romeo Is Bleeding
6.6,Romper Stomper
5.6,Ruby in Paradise
7.2,Rudy
4.0,The Saint of Fort Washington
6.2,Savage Nights
8.3,Schindler's List
5.3,The Scout
7.3,Searching for Bobby Fischer
5.9,Second Best
7.1,The Secret Garden
6.4,Serial Mom
5.4,The Shadow
6.8,Shadowlands
6.9,Short Cuts
5.7,A Simple Twist of Fate
5.2,Sirens
6.5,Six Degrees of Separation
6.5,Sleepless in Seattle
4.9,Sliver
7.9,Blade Runner
5.6,Son in Law
6.1,So I Married an Axe Murderer
5.4,Striking Distance
4.0,Harem
4.0,Super Mario Bros.
6.1,Surviving the Game
5.0,Terminal Velocity
7.4,Thirty Two Short Films About Glenn Gould
6.3,Threesome
7.6,The Nightmare Before Christmas
6.2,The Three Musketeers
7.4,Tombstone
5.5,Trial by Jury
7.5,True Romance
7.3,The War Room
6.2,The Pagemaster
6.0,"Paris, France"
3.0,Killer
6.9,Welcome to the Dollhouse
6.3,Germinal
4.7,Chasers
6.4,Cronos
4.0,Naked in New York
6.8,Kika
5.1,Bhaji on the Beach
6.0,Little Big League
7.2,"Ciao, Professore!"
5.3,Spanking the Monkey
6.3,The Little Rascals
5.0,Andre
5.0,The Escort
4.4,Princess Caraboo
7.0,The Celluloid Closet
6.8,Café au Lait
6.9,Dear Diary
6.0,I Don't Want to Talk About It
5.9,The Brady Bunch Movie
7.1,Home Alone
6.9,Ghost
7.4,Aladdin
7.7,Terminator 2: Judgment Day
7.6,Dances with Wolves
6.3,Tough and Deadly
7.0,Batman
8.1,The Silence of the Lambs
6.9,Snow White and the Seven Dwarfs
7.5,Beauty and the Beast
6.9,Pinocchio
7.0,Pretty Woman
7.7,The Wild Bunch
5.5,Love and a .45
6.5,The Wooden Man's Bride
7.0,A Great Day in Harlem
6.1,Bye Bye Love
6.1,One Fine Day
5.0,Candyman: Farewell to the Flesh
5.0,Century
7.7,Fargo
6.0,Homeward Bound II: Lost in San Francisco
6.3,Heavy Metal
4.9,Hellraiser: Bloodline
4.6,The Pallbearer
7.1,Jane Eyre
4.0,Loaded
7.1,Bread and Chocolate
7.1,The Aristocats
6.9,The Flower of My Secret
5.1,Two Much
3.6,Ed
7.5,Scream of Stone
6.4,My Favorite Season
5.0,A Modern Affair
4.7,Condition Red
7.4,Halfaouine: Boy of the Terraces
5.7,A Thin Line Between Love and Hate
6.5,The Last Supper
7.4,Primal Fear
6.0,Rude
5.4,Carried Away
5.0,All Dogs Go to Heaven 2
7.0,Land and Freedom
6.6,Denise Calls Up
3.6,Theodore Rex
5.6,A Family Thing
3.0,Frisk
5.5,Sgt. Bilko
5.1,Jack & Sarah
5.7,Girl 6
5.4,Diabolique
6.0,"Little Indian, Big City"
5.0,Roula
4.0,Peanuts – Die Bank zahlt alles
7.1,Nelly and Monsieur Arnaud
6.2,Courage Under Fire
6.7,Mission: Impossible
7.7,Cold Fever
6.2,Moll Flanders
5.3,The Superwife
6.4,DragonHeart
5.4,Eddie
6.0,Yankee Zulu
7.3,Purple Noon
5.3,August
6.2,James and the Giant Peach
6.1,Fear
5.9,Kids in the Hall: Brain Candy
4.8,Faithful
5.2,Bloodsport II
7.0,Mystery Science Theater 3000: The Movie
6.5,Space Jam
5.7,Barbarella
8.0,Hostile Intentions
5.5,They Bite
7.5,Some Folks Call It a Sling Blade
8.0,The Run of the Country
6.8,Alphaville
6.8,Coup de Torchon
7.5,Tigrero: A Film That Was Never Made
5.8,Windows
6.2,It's My Party
8.0,Country Life
4.7,Operation Dumbo Drop
5.0,The Promise
5.5,Mrs. Winterbourne
3.9,Solo
5.8,The Substitute
5.1,True Crime
5.5,Feeling Minnesota
3.3,Delta of Venus
6.8,Angus
7.1,Faces
5.3,Boys
5.3,The Quest
7.1,Cosi
5.1,Sunset Park
6.2,Mulholland Falls
5.7,The Truth About Cats & Dogs
6.5,Oliver & Company
4.9,Celtic Pride
5.3,Flipper
6.0,Captives
4.4,Of Love and Shadows
7.2,Dead Man
6.7,The Horseman on the Roof
6.6,Switchblade Sisters
5.5,Mouth to Mouth
7.1,The Visitors
5.5,Multiplicity
10.0,"The Haunted World of Edward D. Wood, Jr."
6.3,The Craft
5.1,The Great White Hype
5.6,Last Dance
7.0,Cold Comfort Farm
7.7,"Institute Benjamenta, or This Dream People Call Human Life"
5.0,Heaven's Prisoners
5.5,Original Gangstas
6.9,The Rock
5.5,Getting Away with Murder
7.0,Cemetery Man
6.1,Twister
3.9,Barb Wire
5.0,Le Garçu
7.8,Ghost in the Shell
5.5,Thinner
4.9,Spy Hard
7.5,A Close Shave
6.6,Force of Evil
4.2,The Stupids
6.1,The Arrival
8.0,Dr. Strangelove or: How I Learned to Stop Worrying and Love the Bomb
7.8,Careful
7.2,A Month by the Lake
5.8,Gold Diggers: The Secret of Bear Mountain
7.0,Kim
8.0,The Jar
7.4,Stalingrad
4.7,The Phantom
4.4,Striptease
5.7,The Last of the High Kings
7.7,Heavy
5.9,Jack
6.1,I Shot Andy Warhol
6.1,The Grass Harp
6.5,Life is Rosy
5.0,Quartier Mozart
5.0,God's Gift
5.5,Spirits of the Dead
6.3,Pharaoh's  Army
7.8,Trainspotting
3.9,Til There Was You
6.7,Independence Day
6.6,Stealing Beauty
5.7,The Fan
6.8,The Hunchback of Notre Dame
5.7,The Cable Guy
6.7,Kingpin
5.6,Eraser
5.4,The Nutty Professor
6.8,"I, the Worst of All"
8.0,My Life and Times With Antonin Artaud
7.0,Midnight Dancers
5.1,Somebody to Love
5.8,Daylight
6.7,The Frighteners
6.9,Lone Star
5.7,Harriet the Spy
6.2,Phenomenon
6.6,Walking and Talking
5.7,She's the One
7.0,A Time to Kill
6.2,American Buffalo
6.5,Rendezvous in Paris
5.2,Alaska
5.2,Fled
3.6,Kazaam
5.4,Larger Than Life
6.0,A Boy Called Hate
4.0,Power 98
7.0,Two Deaths
5.8,A Very Brady Sequel
6.0,Stefano Quantestorie
7.4,Death in the Garden
6.5,La Collectionneuse
6.3,Kaspar Hauser
5.2,Regular Guys
4.0,Diebinnen
6.5,The Convent
5.0,The Adventures of Pinocchio
5.0,Joe's Apartment
6.5,The First Wives Club
7.2,Stonewall
6.4,Ransom
5.4,High School High
5.4,Phat Beach
6.3,Foxfire
5.3,Chain Reaction
6.9,Matilda
6.7,Emma
5.2,The Crow: City of Angels
5.0,House Arrest
7.5,Eyes Without a Face
5.0,Bordello of Blood
7.0,Lotto Land
7.5,Flirt
5.0,The Big Squeeze
6.8,The Spitfire Grill
5.6,Escape from L.A.
6.6,Basquiat
5.9,Tin Cup
6.0,Dingo
6.4,The Ballad of Narayama
6.0,Every Other Weekend
6.0,Mille bolle blu
5.0,Crows and Sparrows
8.5,The Godfather
6.1,Maybe... Maybe Not
6.3,Manny & Lo
6.4,Small Faces
6.9,Bound
4.9,Carpool
6.1,Death in Brunswick
6.1,Kansas City
4.7,Gone Fishin'
4.0,Lover's Knot
4.0,Shadow of Angels
6.3,Killer: A Journal of Murder
5.2,Girls Town
7.7,Bye-Bye
5.8,The Relic
4.6,The Island of Dr. Moreau
5.3,First Kid
6.6,The Trigger Effect
5.0,Sweet Nothing
5.4,Bogus
5.4,Bulletproof
6.8,Talk of Angels
6.1,The Land Before Time III: The Time of the Great Giving
5.0,Halloween: The Curse of Michael Myers
7.0,Twelfth Night
7.1,Mother Night
6.3,Liebelei
7.5,Venice
7.4,Wild Reeds
6.1,For Whom the Bell Tolls
7.7,The Philadelphia Story
7.9,Singin' in the Rain
6.9,An American in Paris
7.0,Funny Face
7.6,Breakfast at Tiffany's
8.0,Vertigo
8.2,Rear Window
7.7,It Happened One Night
7.2,Gaslight
7.2,The Gay Divorcee
7.8,North by Northwest
8.1,The Apartment
8.0,Some Like It Hot
7.7,Charade
7.9,Casablanca
7.8,The Maltese Falcon
7.4,My Fair Lady
7.4,Sabrina
7.8,Roman Holiday
7.0,The Little Princess
6.8,Meet Me in St. Louis
7.4,The Wizard of Oz
7.7,Gone with the Wind
7.1,My Favorite Year
8.2,Sunset Boulevard
8.0,Citizen Kane
7.9,2001: A Space Odyssey
4.8,Golden Earrings
8.0,All About Eve
6.4,The Women
7.7,Rebecca
7.0,Foreign Correspondent
7.8,Notorious
7.3,Spellbound
7.1,An Affair to Remember
7.1,To Catch a Thief
6.6,Father of the Bride
7.1,The Band Wagon
7.3,Ninotchka
7.3,Love in the Afternoon
6.1,Gigi
6.6,The Reluctant Debutante
7.6,The Adventures of Robin Hood
7.1,The Mark of Zorro
7.6,Laura
7.3,The Ghost and Mrs. Muir
6.8,Lost Horizon
7.4,Top Hat
7.7,To Be or Not to Be
7.7,My Man Godfrey
7.5,Giant
7.5,East of Eden
7.4,The Thin Man
7.5,His Girl Friday
6.5,Around the World in Eighty Days
8.0,It's a Wonderful Life
7.9,Mr. Smith Goes to Washington
7.6,Bringing Up Baby
6.4,Penny Serenade
5.0,Lady of Burlesque
6.4,Of Human Bondage
5.7,Angel on My Shoulder
6.6,Little Lord Fauntleroy
5.6,They Made Me a Criminal
6.2,The Inspector General
6.6,Angel and the Badman
7.4,The 39 Steps
5.2,A Walk in the Sun
4.9,The Outlaw
7.5,Night of the Living Dead
7.4,The African Queen
6.2,Beat the Devil
7.6,Cat on a Hot Tin Roof
5.1,The Last Time I Saw Paris
7.3,Meet John Doe
5.8,Algiers
3.8,Something to Sing About
6.2,A Farewell to Arms
6.0,Moonlight Murder
4.0,Nothing Personal
5.0,Dangerous Ground
6.7,Picnic
5.3,The Pompatus of Love
6.6,Fly Away Home
4.8,Bliss
6.5,Grace of My Heart
6.8,Brother of Sleep
5.3,Maximum Risk
6.8,Michael Collins
4.9,The Rich Man's Wife
6.8,Big Night
6.2,Last Man Standing
6.5,Caught
6.9,Set It Off
5.9,2 Days in the Valley
6.2,Curdled
6.0,L'associé
3.0,Ed's Next Move
5.7,Extreme Measures
4.7,The Glimmer Man
5.3,D3: The Mighty Ducks
5.9,The Chamber
6.6,The Apple Dumpling Gang
5.9,"Davy Crockett, King of the Wild Frontier"
6.5,Escape to Witch Mountain
6.0,The Love Bug
5.9,Herbie Rides Again
7.0,Old Yeller
6.8,The Parent Trap
6.9,Pollyanna
6.6,Homeward Bound: The Incredible Journey
6.2,The Shaggy Dog
7.0,Swiss Family Robinson
6.4,That Darn Cat!
6.9,"20,000 Leagues Under the Sea"
6.8,Cool Runnings
5.7,Angels in the Outfield
6.8,Cinderella
7.8,Winnie the Pooh and the Blustery Day
6.2,The Three Caballeros
6.9,The Sword in the Stone
6.3,So Dear to My Heart
6.6,Robin Hood: Prince of Thieves
7.4,Mary Poppins
6.8,Dumbo
6.4,Pete's Dragon
6.8,Bedknobs and Broomsticks
7.0,Alice in Wonderland
7.0,The Fox and the Hound
6.5,Freeway
7.4,The Sound of Music
7.5,Die Hard
5.4,The Lawnmower Man
6.2,Unhook the Stars
5.0,The Secret Agent
7.1,Secrets & Lies
6.8,That Thing You Do!
5.1,To Gillian on Her 37th Birthday
5.3,Surviving Picasso
5.5,Love Is All There Is
7.3,Beautiful Thing
6.4,The Long Kiss Goodnight
6.4,The Ghost and the Darkness
6.9,Looking for Richard
6.7,Trees Lounge
6.8,Normal Life
7.0,Get on the Bus
4.0,Shadow Conspiracy
6.6,Jude
6.5,Everyone Says I Love You
6.3,Bitter Sugar
6.7,Romeo + Juliet
6.8,Swingers
7.3,Sleepers
6.0,Johns
6.1,Aladdin and the King of Thieves
5.2,The Woman in Question
7.9,Shall We Dance
7.0,A Damsel in Distress
6.1,Crossfire
7.2,"Murder, My Sweet"
5.6,Macao
7.4,For the Moment
7.4,Willy Wonka & the Chocolate Factory
5.0,The Sexual Life of the Belgians
7.5,The Innocents
7.0,Sleeper
6.7,Bananas
7.1,A Fish Called Wanda
7.7,Life of Brian
6.9,Victor/Victoria
6.9,The Candidate
7.2,The Great Race
7.6,Bonnie and Clyde
6.0,The Old Man and the Sea
7.9,Dial M for Murder
4.8,Madame Butterfly
7.1,Dirty Dancing
8.1,Reservoir Dogs
7.5,Platoon
6.4,Weekend at Bernie's
6.5,Basic Instinct
6.7,The Doors
6.9,The Crying Game
7.5,Glengarry Glen Ross
7.4,Sophie's Choice
7.3,E.T. the Extra-Terrestrial
6.3,The Search for One-eye Jimmy
7.0,A Christmas Carol
5.9,Days of Thunder
6.7,Top Gun
6.8,American Strays
7.6,Rebel Without a Cause
7.6,A Streetcar Named Desire
4.6,Children of the Corn IV: The Gathering
7.7,Microcosmos
5.4,Palookaville
6.2,The Associate
7.3,The Funeral
8.0,The Sleepover
6.8,A Single Girl
7.0,The Eighth Day
5.2,North Star
6.8,The People vs. Larry Flynt
5.8,Glory Daze
5.3,A Perfect Candidate
7.3,On Golden Pond
6.7,The Return of the Pink Panther
5.9,Drop Dead Fred
7.1,The Abyss
6.4,The Fog
6.9,Escape from New York
6.4,The Howling
7.6,Jean de Florette
7.8,Manon of the Spring
6.3,Johnny 100 Pesos
6.0,Private Benjamin
7.8,Monty Python and the Holy Grail
6.8,Hustler White
8.0,Dadetown
4.0,Everything Relative
5.0,Entertaining Angels - The Dorothy Day Story
8.0,Three Lives and Only One Death
7.3,When We Were Kings
7.6,The Wrong Trousers
7.7,JLG/JLG: Self-Portrait in December
6.7,The Return of Martin Guerre
6.4,He Walked by Night
7.2,Raw Deal
6.4,T-Men
7.2,The Children Are Watching Us
4.7,Pastoral Symphony
8.0,Here Comes Cookie
3.5,Six of a Kind
7.0,The Tin Drum
6.8,The Ruling Class
4.8,Mina Tannenbaum
7.0,2 or 3 Things I Know About Her
5.1,Dear God
5.7,Bad Moon
6.0,American Dream
5.8,Best of the Best 3: No Turning Back
6.5,Bob Roberts
8.2,Cinema Paradiso
7.3,"The Cook, the Thief, His Wife & Her Lover"
5.6,Dead Tired
7.4,Delicatessen
7.3,The Double Life of Veronique
6.9,Enchanted April
8.2,Paths of Glory
6.5,The Grifters
4.1,Hear My Song
5.0,The Shooter
7.0,The English Patient
7.4,Mediterraneo
7.5,My Left Foot: The Story of Christy Brown
6.7,"Sex, Lies, and Videotape"
6.7,Passion Fish
6.2,Strictly Ballroom
7.9,The Thin Blue Line
7.0,Tie Me Up! Tie Me Down!
6.3,Madonna: Truth or Dare
8.2,Paris is Burning
8.3,One Flew Over the Cuckoo's Nest
6.7,Up in Smoke
8.2,The Empire Strikes Back
7.6,The Princess Bride
7.7,Raiders of the Lost Ark
7.6,Brazil
7.7,Aliens
8.1,"The Good, the Bad and the Ugly"
7.4,Withnail & I
8.2,12 Angry Men
7.8,Lawrence of Arabia
8.0,A Clockwork Orange
7.9,To Kill a Mockingbird
8.0,Apocalypse Now
8.1,Once Upon a Time in the West
7.9,Return of the Jedi
7.5,Wings of Desire
7.9,The Third Man
8.2,GoodFellas
7.9,Alien
7.3,Army of Darkness
7.6,The Big Blue
7.9,Ran
8.3,Psycho
7.5,The Blues Brothers
8.3,The Godfather: Part II
7.9,Full Metal Jacket
7.4,A Grand Day Out
7.4,Henry V
7.8,Amadeus
7.3,The Quiet Man
8.3,Once Upon a Time in America
7.7,Raging Bull
7.8,Annie Hall
7.4,The Right Stuff
7.9,Das Boot
7.9,The Sting
7.7,Harold and Maude
6.5,Trust
7.0,Local Hero
7.4,The Terminator
7.4,Braindead
7.4,Glory
7.3,Rosencrantz & Guildenstern Are Dead
7.8,Manhattan
7.5,Miller's Crossing
8.1,Dead Poets Society
7.6,The Graduate
7.6,Touch of Evil
7.0,La Femme Nikita
7.7,The Bridge on the River Kwai
7.9,8½
7.9,Chinatown
7.3,The Day the Earth Stood Still
7.9,The Treasure of the Sierra Madre
6.4,Bad Taste
7.6,Duck Soup
6.8,Better Off Dead...
8.1,The Shining
7.8,Stand by Me
8.0,M
7.5,Evil Dead II
7.8,The Great Escape
7.8,The Deer Hunter
6.7,Diva
7.4,Groundhog Day
7.7,Unforgiven
7.7,The Manchurian Candidate
7.0,Pump up the Volume
7.4,Arsenic and Old Lace
8.0,Back to the Future
7.6,Fried Green Tomatoes
7.3,Patton
7.2,Down by Law
7.8,Akira
6.8,Highlander
7.7,Cool Hand Luke
6.8,Cyrano de Bergerac
7.7,Young Frankenstein
7.5,Night on Earth
8.1,The Great Dictator
7.2,Fantasia
7.6,High Noon
7.6,The Big Sleep
7.3,Heathers
7.1,Somewhere in Time
7.5,Ben-Hur
7.6,This Is Spinal Tap
7.7,Koyaanisqatsi
6.9,Some Kind of Wonderful
7.6,Indiana Jones and the Last Crusade
7.7,Being There
7.4,Gandhi
7.0,The Unbearable Lightness of Being
6.9,A Room with a View
6.6,Real Genius
7.7,Pink Floyd: The Wall
7.5,The Killing Fields
7.2,Forbidden Planet
7.1,Field of Dreams
7.6,The Man Who Would Be King
7.4,Butch Cassidy and the Sundance Kid
7.7,"Paris, Texas"
6.3,Until the End of the World
7.3,When Harry Met Sally...
5.0,Parallel Sons
6.8,Hype!
3.5,Santa with Muscles
5.4,Female Perversions
6.2,Mad Dog Time
7.0,Paris Was a Woman
6.2,I'm Not Rappaport
3.6,Blue Juice
6.2,Alien³
7.2,An American Werewolf in London
4.1,Amityville: It's About Time
4.0,Amityville 3-D
3.5,Amityville: Dollhouse
2.8,Amityville: A New Generation
5.9,Amityville II: The Possession
6.2,The Amityville Horror
2.7,The Amityville Curse
5.8,Blood for Dracula
5.8,April Fool's Day
5.8,Audrey Rose
6.2,The Believers
7.3,The Birds
6.2,The Blob
4.9,Blood Beach
5.6,Body Parts
6.8,The Body Snatcher
7.1,Dracula
7.4,Bride of Frankenstein
6.6,Burnt Offerings
6.2,Candyman
7.0,Cape Fear
7.2,Cape Fear
7.0,Carrie
6.0,Cat People
7.2,A Nightmare on Elm Street
8.5,Vampire in Venice
7.2,The Omen
5.5,Blood and Wine
5.6,Albino Alligator
6.5,The Mirror Has Two Faces
6.2,Nightwatch
7.0,Star Trek: First Contact
7.3,Shine
7.4,Sling Blade
5.5,Jingle All the Way
5.8,Identification of a Woman
7.9,Paradise Lost: The Child Murders at Robin Hood Hills
5.4,The Preacher's Wife
7.4,Ridicule
6.7,The Crucible
5.6,101 Dalmatians
5.5,The Forbidden Christ
5.0,I Can't Sleep
6.6,Die Hard 2
6.2,Star Trek: The Motion Picture
6.7,Star Trek VI: The Undiscovered Country
5.6,Star Trek V: The Final Frontier
7.3,Star Trek II: The Wrath of Khan
6.4,Star Trek III: The Search for Spock
6.9,Star Trek IV: The Voyage Home
6.6,Batman Returns
6.6,Young Guns
6.3,Young Guns II
7.2,Grease
4.9,Grease 2
5.6,Marked for Death
3.9,Adrenalin: Fear the Rush
6.0,The Substance of Fire
6.1,Under Siege
7.1,Terror in a Texas Town
7.5,Jaws
5.9,Jaws 2
4.2,Jaws 3-D
6.3,My Fellow Americans
6.1,Mars Attacks!
6.8,Citizen Ruth
6.7,Jerry Maguire
7.2,Raising Arizona
6.8,Tin Men
6.7,Sneakers
7.3,Bastard Out of Carolina
6.0,In Love and War
6.6,Marvin's Room
6.2,Ghosts of Mississippi
6.6,Night Falls on Manhattan
6.5,Beavis and Butt-Head Do America
7.0,La Cérémonie
7.0,Scream
7.1,The Last of the Mohicans
5.5,Michael
5.8,The Evening Star
7.3,Hamlet
7.0,Some Mother's Son
6.4,The Whole Wide World
6.8,Mother
7.0,Thieves
5.9,Evita
6.3,The Portrait of a Lady
7.4,Walkabout
6.4,Message to Love: The Isle of Wight Festival
5.8,Murder at 1600
6.0,Fierce Creatures
4.2,Zeus & Roxanne
5.2,Turbulence
7.7,Angel Baby
6.0,Underworld
5.5,Beverly Hills Ninja
5.3,Metro
4.5,The Machine
6.1,Falling in Love Again
7.2,The Cement Garden
5.8,Dante's Peak
5.0,Amos & Andrew
6.9,Benny & Joon
6.7,Prefontaine
8.0,Guantanamera
4.4,McHale's Navy
6.8,Gridlock'd
7.4,Waiting for Guffman
5.2,The Beautician and the Beast
6.4,SubUrbia
4.3,Hotel de Love
5.0,The Pest
5.8,Fools Rush In
6.0,Touch
6.4,Absolute Power
3.9,That Darn Cat
6.0,Vegas Vacation
7.0,Unforgotten: Twenty-Five Years After Willowbrook
7.1,That Old Feeling
7.5,Lost Highway
6.7,Rosewood
7.4,Donnie Brasco
3.3,Salut cousin !
5.6,Booty Call
6.3,Rhyme & Reason
5.0,Boys Life 2
5.6,City of Industry
5.6,Best Men
4.9,Jungle 2 Jungle
5.7,Kama Sutra - A Tale of Love
6.7,Private Parts
8.1,Love Jones
5.9,The Saint
6.6,Smilla's Sense of Snow
5.9,The Van
6.5,Crash
6.2,The Daytrippers
6.4,Liar Liar
5.0,The Quiet Room
7.1,Selena
5.9,The Devil's Own
7.1,Cats Don't Dance
4.2,B.A.P.S.
5.8,Love and Other Catastrophes
4.6,Turbo: A Power Rangers Movie
6.4,Anna Karenina
4.4,Double Team
6.4,Inventing the Abbotts
4.8,Anaconda
6.9,Grosse Pointe Blank
4.9,Keys to Tulsa
7.0,Kissed
5.4,8 Heads in a Duffel Bag
6.8,Hollow Reed
6.2,Paradise Road
5.9,Traveller
5.9,All Over Me
8.0,A Brother's Kiss
3.5,A Chef in Love
6.0,Romy and Michele's High School Reunion
5.2,Volcano
5.3,Children of the Revolution
6.5,Austin Powers: International Man of Mystery
6.6,Breakdown
7.0,Broken English
5.3,Commandments
4.0,Ripe
5.7,"Truth or Consequences, N.M."
4.7,Warriors of Virtue
5.1,Fathers' Day
7.3,The Fifth Element
8.0,Intimate Relations
6.3,Nowhere
3.9,Losing Chase
5.0,Sprung
5.0,The Promise
7.0,Le Bonheur
5.7,Love! Valour! Compassion!
7.2,Shall We Dance?
3.2,The Second Jungle Book: Mowgli & Baloo
6.6,Twin Town
6.1,Addicted to Love
6.9,Brassed Off
8.0,The Designated Mourner
6.2,The Lost World: Jurassic Park
7.5,Ponette
6.4,Schizopolis
5.7,Shiloh
6.3,Rough Magic
5.3,Trial and Error
3.9,Buddy
6.5,Con Air
4.0,Late Bloomers
6.9,The Pillow Book
4.1,Speed 2: Cruise Control
6.0,Squeeze
6.0,Sudden Manhattan
5.5,Wedding Bell Blues
4.2,Batman & Robin
7.7,Dream with the Fishes
6.3,Roseanna's Grave
5.8,Head Above Water
7.3,Hercules
6.7,The Last Time I Committed Suicide
8.0,MURDER and murder
6.4,My Best Friend's Wedding
5.6,Tetsuo II: Body Hammer
6.1,When the Cat's Away
7.5,Contempt
6.8,Face/Off
7.2,Fall
7.0,Mondo
8.0,For Ever Mozart
6.9,Men in Black
5.8,Out to Sea
5.8,Wild America
5.5,A Simple Wish
7.2,Contact
6.0,G.I. Jane
6.6,Conan the Barbarian
5.4,George of the Jungle
6.6,Cop Land
6.4,Event Horizon
5.0,Spawn
5.3,Air Bud
5.1,Picture Perfect
6.8,In the Company of Men
5.6,Free Willy 3: The Rescue
7.4,Career Girls
6.5,Conspiracy Theory
5.9,Desperate Measures
4.2,Steel
5.3,She's So Lovely
6.5,Hoodlum
5.2,Leave it to Beaver
5.7,Mimic
6.0,Money Talks
5.6,Excess Baggage
5.2,Kull the Conqueror
6.2,Air Force One
6.5,One Eight Seven
7.2,The Hunt for Red October
7.1,My Own Private Idaho
4.4,"Kiss Me, Guido"
5.3,Star Maps
6.3,In & Out
6.8,The Edge
5.8,The Peacemaker
7.7,L.A. Confidential
7.0,Seven Years in Tibet
6.2,Kiss the Girls
6.6,Soul Food
5.0,Kicked in the Head
5.6,Wishmaster
5.7,A Thousand Acres
7.5,The Game
5.0,Fire Down Below
6.5,U Turn
3.8,The Locusts
6.1,The Matchmaker
6.6,The Assignment
3.2,A Smile Like Yours
6.5,Ulee's Gold
6.9,The Ice Storm
5.8,Stag
6.7,Chasing Amy
5.4,Def Jam's How to Be a Player
6.9,The Full Monty
6.6,Mrs Brown
5.6,I Know What You Did Last Summer
7.2,The Devil's Advocate
5.4,RocketMan
5.6,Playing God
6.3,The House of Yes
8.3,"Fast, Cheap & Out of Control"
7.4,Washington Square
6.3,Telling Lies In America
3.8,Year of the Horse
7.5,Gattaca
6.2,FairyTale: A True Story
5.2,Phantoms
6.5,Swept from the Sea
6.2,A Life Less Ordinary
4.8,Hurricane Streets
6.3,Eve's Bayou
5.8,Switchback
6.5,Gang Related
6.5,Stripes
8.0,Nenette and Boni
6.3,Bean
5.2,Hugo Pool
5.9,Mad City
5.7,One Night Stand
6.4,The Tango Lesson
6.5,Welcome to Sarajevo
6.6,Deceiver
6.7,The Rainmaker
7.5,Boogie Nights
7.0,Witness
6.3,Incognito
6.7,Starship Troopers
6.1,Critical Care
7.1,The Joy Luck Club
2.7,Chairman of the Board
6.6,Sliding Doors
3.8,Mortal Kombat: Annihilation
7.8,The Truman Show
6.9,The Wings of the Dove
5.4,Mrs. Dalloway
5.9,Red Corner
6.1,The Jackal
7.4,Anastasia
6.5,The Man Who Knew Too Little
5.9,Alien: Resurrection
4.5,Alien Escape
6.8,Amistad
6.1,The Apostle
6.2,Artemisia
6.3,Bent
6.0,Bang
5.4,The Boys
6.7,The Butcher Boy
7.3,Deconstructing Harry
5.3,Flubber
5.6,For Richer or Poorer
7.9,Good Will Hunting
6.0,Guy
5.1,Home Alone 3
6.3,Midnight in the Garden of Good and Evil
6.2,MouseHunt
5.0,Office Killer
10.0,Other Voices Other Rooms
6.1,Scream 2
6.8,The Sweet Hereafter
7.5,Titanic
6.0,Tomorrow Never Dies
4.5,Twisted
6.6,Full Speed
6.1,The Postman
6.7,The Horse Whisperer
6.9,The Winter Guest
7.3,Jackie Brown
6.8,Kundun
3.9,Mr. Magoo
7.8,The Big Lebowski
7.2,Afterglow
7.2,My Life in Pink
6.4,Great Expectations
3.9,3 Ninjas: High Noon at Mega Mountain
4.3,Caught Up
4.7,Firestorm
6.7,Wag the Dog
7.2,Dark City
4.9,Star Kid
5.5,Hard Rain
6.4,Half Baked
6.6,Fallen
7.0,Shooting Fish
5.9,The Prophecy II
4.7,Spice World
6.0,Deep Rising
5.5,Tainted
2.0,A Letter from Death Row
5.7,Music from Another Room
6.0,The Replacement Killers
5.8,B. Monkey
5.7,The Night Flier
5.2,Blues Brothers 2000
6.6,Tokyo Fist
6.8,Ride
6.5,The Wedding Singer
5.8,Sphere
7.2,Ayn Rand: A Sense of Life
6.0,Little City
5.7,Palmetto
7.2,As Good as It Gets
6.5,King of New York
6.1,Twilight
6.2,U.S. Marshals
6.4,Welcome to Woop Woop
6.9,Love and Death on Long Island
6.4,Midaq Alley
5.0,In God's Hands
6.3,Everest
5.9,Hush
6.7,Suicide Kings
6.3,The Man in the Iron Mask
5.9,The Newton Boys
6.3,Wild Things
6.0,Paulie
5.6,"A Cool, Dry Place"
7.6,Fireworks
6.1,Primary Colors
7.7,"Niagara, Niagara"
5.2,Wide Awake
5.9,A Price Above Rubies
6.0,Eden
5.4,Two Girls and a Guy
5.8,No Looking Back
7.0,Storefront Hitchcock
5.8,The Proposition
5.6,The Object of My Affection
4.1,Meet the Deedles
5.5,Homegrown
6.2,The Players Club
2.9,Barney's Great Adventure
6.2,The Big One
5.8,Chinese Box
5.0,Lost in Space
5.1,Heaven's Burning
6.0,Mercury Rising
7.1,The Spanish Prisoner
6.5,City of Angels
6.8,The Last Days of Disco
6.1,The Odd Couple II
5.1,My Giant
6.7,He Got Game
5.7,The Gingerbread Man
5.0,Illtown
5.6,Slappy and the Stinkers
7.2,Live Flesh
6.0,Zero Effect
7.1,Nil by Mouth
5.8,The Borrowers
4.7,Prince Valiant
6.0,"I Love You, Don't Touch Me!"
9.0,Leather Jacket Love Story
6.0,Love Walked In
3.0,"An Alan Smithee Film: Burn, Hollywood, Burn"
5.9,Kissing a Fool
4.3,Krippendorf's Tribe
5.9,Kurt & Courtney
5.5,The Real Blonde
4.5,Species II
4.3,Major League: Back to the Minors
5.9,Sour Grapes
6.2,Wild Man Blues
6.1,The Big Hit
3.3,Tarzan and the Lost City
5.2,Black Dog
10.0,"Dancer, Texas Pop. 81"
5.0,A Friend of the Deceased
7.1,Les Misérables
5.2,Still Breathing
5.6,Clockwatchers
5.9,Deep Impact
5.5,Woo
5.7,The Hanging Garden
7.3,Lawn Dogs
6.9,Quest for Camelot
5.3,Godzilla
6.3,Bulworth
7.2,Fear and Loathing in Las Vegas
5.9,The Opposite of Sex
5.4,I Got the Hook Up
5.5,Almost Heroes
5.8,Hope Floats
7.4,Little Boy Blue
5.9,The Ugly
6.3,A Perfect Murder
6.5,Beyond Silence
5.6,Six Days Seven Nights
6.1,Can't Hardly Wait
5.9,Cousin Bette
6.3,High Art
7.0,The Land Girls
5.8,Passion in the Desert
6.1,Dream for an Insomniac
6.9,Henry Fool
4.0,Marie from the Bay of Angels
6.1,Mr. Jealousy
7.6,Mulan
7.0,Resurrection Man
6.6,The X Files
6.5,I Went Down
5.4,Doctor Dolittle
6.5,Out of Sight
7.1,Picnic at Hanging Rock
6.7,Smoke Signals
7.2,Buffalo '66
6.5,Armageddon
6.3,Lethal Weapon 4
5.1,Madeline
6.2,Small Soldiers
7.1,Pi
8.3,Whatever
6.5,There's Something About Mary
4.4,Plan 9 from Outer Space
7.5,All Quiet on the Western Front
5.1,Cimarron
6.5,Grand Hotel
4.6,Cavalcade
7.1,Mutiny on the Bounty
6.2,The Great Ziegfeld
6.6,The Life of Emile Zola
7.2,You Can't Take It With You
6.9,How Green Was My Valley
6.7,Mrs. Miniver
6.9,Going My Way
7.4,The Lost Weekend
7.6,The Best Years of Our Lives
6.8,Gentleman's Agreement
7.1,Hamlet
6.3,All the King's Men
6.6,The Greatest Show on Earth
7.2,From Here to Eternity
8.0,On the Waterfront
7.2,Marty
7.0,West Side Story
6.1,Tom Jones
7.5,A Man for All Seasons
7.5,In the Heat of the Night
7.0,Oliver!
7.4,Midnight Cowboy
7.4,The French Connection
7.5,Rocky
7.4,Kramer vs. Kramer
7.4,Ordinary People
6.9,Chariots of Fire
6.9,Terms of Endearment
7.0,Out of Africa
7.4,The Last Emperor
7.6,Rain Man
7.0,Driving Miss Daisy
7.0,Take the Money and Run
6.5,Klute
6.7,Repo Man
7.0,Metropolitan
7.1,Labyrinth
7.8,The Breakfast Club
5.7,A Nightmare on Elm Street Part 2: Freddy's Revenge
6.5,A Nightmare on Elm Street 3: Dream Warriors
5.8,A Nightmare on Elm Street 4: The Dream Master
5.5,A Nightmare on Elm Street 5: The Dream Child
5.1,Freddy's Dead: The Final Nightmare
6.4,Friday the 13th
6.0,Friday the 13th Part 2
5.7,Friday the 13th Part III
5.9,Friday the 13th: The Final Chapter
5.1,Friday the 13th: A New Beginning
5.7,Friday the 13th Part VI: Jason Lives
5.3,Friday the 13th Part VII: The New Blood
4.8,Friday the 13th Part VIII: Jason Takes Manhattan
7.4,Halloween
6.4,Halloween II
5.0,Halloween III: Season of the Witch
5.9,Halloween 4: The Return of Michael Myers
5.3,Halloween 5: The Revenge of Michael Myers
6.0,Prom Night
6.0,Hello Mary Lou: Prom Night II
5.1,Prom Night III: The Last Kiss
4.4,Prom Night IV: Deliver Us from Evil
6.3,Child's Play
5.8,Child's Play 2
5.5,Child's Play 3
7.1,Poltergeist
5.8,Poltergeist II: The Other Side
4.6,Poltergeist III
7.5,The Exorcist
4.5,Exorcist II: The Heretic
6.1,The Exorcist III
7.0,Lethal Weapon
6.7,Lethal Weapon 2
6.4,Lethal Weapon 3
6.9,Gremlins
6.3,Gremlins 2: The New Batch
7.4,The Goonies
6.3,The Mask of Zorro
5.4,Polish Wedding
6.8,Soylent Green
7.4,Back to the Future Part II
7.1,Back to the Future Part III
7.3,The Poseidon Adventure
6.3,Freaky Friday
6.7,The Absent-Minded Professor
6.3,The Apple Dumpling Gang Rides Again
5.8,Babes in Toyland
6.8,Bambi
8.2,Seven Samurai
7.1,Dangerous Liaisons
6.5,Dune
7.0,The Last Temptation of Christ
7.1,The Godfather: Part III
6.4,The Rapture
7.0,Lolita
5.5,Disturbing Behavior
5.4,Jane Austen's Mafia!
7.9,Saving Private Ryan
5.2,Billy's Hollywood Screen Kiss
5.7,The Million Dollar Duck
5.2,The Barefoot Executive
6.5,The Black Cauldron
6.1,The Black Hole
6.9,Blackbeard's Ghost
5.1,Blank Check
7.0,Candleshoe
5.6,The Cat from Outer Space
5.9,Cheetah
5.8,The Computer Wore Tennis Shoes
5.6,Condorman
5.8,D2: The Mighty Ducks
6.7,Darby O'Gill and the Little People
6.3,The Devil and Max Devlin
6.3,A Far Off Place
6.9,Flight of the Navigator
5.8,The Gnome-Mobile
6.9,The Great Mouse Detective
5.8,The Happiest Millionaire
5.3,Herbie Goes Bananas
5.9,Herbie Goes To Monte Carlo
6.5,Hocus Pocus
4.8,Honey I Blew Up the Kid
6.1,"Honey, I Shrunk the Kids"
5.7,Hot Lead & Cold Feet
6.2,In Search of the Castaways
6.3,The Incredible Journey
6.8,The Negotiator
6.8,The Parent Trap
5.9,BASEketball
7.0,Full Tilt Boogie
6.8,The Governess
4.7,Seventh Heaven
7.4,Roger & Me
7.3,The Purple Rose of Cairo
7.6,Out of the Past
7.4,Doctor Zhivago
7.3,The Trip to Bountiful
6.1,Tender Mercies
5.8,And the Band Played On
6.6,The 'Burbs
6.6,Fandango
6.6,The Night Porter
7.1,Mephisto
7.7,Blue Velvet
6.4,The Journey of Natty Gann
7.1,The Jungle Book
6.4,Kidnapped
6.9,Lady and the Tramp
7.2,The Little Mermaid
6.4,The Mighty Ducks
7.2,The Muppet Christmas Carol
6.2,Newsies
6.8,One Hundred and One Dalmatians
5.7,One Magic Christmas
7.0,Peter Pan
5.3,Popeye
6.6,The Rescuers Down Under
6.7,The Rescuers
5.6,Return from Witch Mountain
5.7,The Return of Jafar
6.6,Return to Oz
6.3,The Rocketeer
5.4,The Shaggy D.A.
6.8,Sleeping Beauty
6.6,Something Wicked This Way Comes
6.7,Son of Flubber
6.9,Song of the South
6.1,Splash
6.1,Squanto: A Warrior's Tale
6.6,Tall Tale
5.9,Tex
6.6,Tron
6.7,Swing Kids
5.7,Halloween: H20
6.4,L.A. Story
7.0,The Jerk
6.5,Dead Men Don't Wear Plaid
6.2,The Man with Two Brains
6.8,Grand Canyon
4.5,Graveyard Shift
6.9,The Outsiders
7.1,Indiana Jones and the Temple of Doom
6.1,The Lord of the Rings
6.8,Nineteen Eighty-Four
6.9,The Dead Zone
5.5,Maximum Overdrive
5.9,Needful Things
5.7,Cujo
5.6,Children of the Corn
6.3,All Dogs Go to Heaven
6.7,The Addams Family
6.8,Ever After: A Cinderella Story
5.8,Snake Eyes
3.0,"First Love, Last Rites"
6.3,Safe Men
6.5,The Saltmen of Tibet
6.7,Atlantic City
7.8,Who's Afraid of Virginia Woolf?
6.6,Adventures in Babysitting
6.4,Weird Science
6.0,Doctor Dolittle
6.6,The Nutty Professor
6.2,Charlotte's Web
7.3,Watership Down
7.5,The Secret of NIMH
7.3,The Dark Crystal
6.6,An American Tail
6.2,An American Tail: Fievel Goes West
6.2,Legend
6.9,Sixteen Candles
6.6,Pretty in Pink
6.0,St. Elmo's Fire
4.7,The Clan of the Cave Bear
5.8,House
5.0,House II: The Second Story
7.1,The Gods Must Be Crazy
6.5,The Gods Must Be Crazy II
4.6,Air Bud: Golden Receiver
4.4,The Avengers
6.0,How Stella Got Her Groove Back
6.5,Slums of Beverly Hills
5.3,The Chambermaid on the Titanic
5.8,"Henry II, Portrait of a Serial Killer"
6.8,Henry: Portrait of a Serial Killer
7.5,Rosemary's Baby
7.0,The NeverEnding Story
5.5,The Neverending Story II: The Next Chapter
4.7,Attack of the Killer Tomatoes!
3.5,Surf Nazis Must Die
5.9,Your Friends & Neighbors
6.5,Return to Paradise
6.5,Blade
5.6,Dance with Me
5.6,Dead Man on Campus
5.7,Wrongfully Accused
6.0,Next Stop Wonderland
6.4,All I Wanna Do
6.3,The Navigator: A Medieval Odyssey
7.1,Beetlejuice
8.0,Déjà Vu
7.8,Rope
6.7,Family Plot
7.2,Frenzy
6.1,Topaz
6.4,Torn Curtain
7.2,Marnie
6.9,The Wrong Man
7.3,The Man Who Knew Too Much
6.9,The Trouble with Harry
7.0,I Confess
7.6,Strangers on a Train
6.8,Stage Fright
5.5,54
7.5,I Married a Strange Person!
6.4,Why Do Fools Fall In Love
6.3,Keep the Aspidistra Flying
7.4,See the Sea
6.9,Willow
7.6,The Untouchables
6.5,Dirty Work
4.7,Knock Off
7.0,Firelight
8.5,Modulations
5.2,Phoenix
6.1,Under Capricorn
6.3,The Paradine Case
7.3,Lifeboat
7.5,Shadow of a Doubt
6.8,Saboteur
5.7,Mr. & Mrs. Smith
7.1,Suspicion
5.6,Jamaica Inn
7.5,The Lady Vanishes
6.8,Young and Innocent
6.7,Sabotage
6.7,Secret Agent
6.4,The Man Who Knew Too Much
4.8,Waltzes from Vienna
5.3,Number Seventeen
5.5,Rich and Strange
4.9,The Skin Game
3.8,Elstree Calling
5.1,Juno and the Paycock
6.3,Murder!
10.0,The Farmer's Wife
6.9,Rounders
6.9,Cube
6.5,Digging to China
9.3,One Man's Hero
6.5,Simon Birch
6.4,Without Limits
8.8,Seven Beauties
7.4,Swept Away
6.2,My Bodyguard
5.8,Class
5.8,"Grandview, U.S.A."
6.8,Broadcast News
4.3,The Allnighter
6.5,Working Girl
5.3,Stars & Bars
5.8,Married to the Mob
7.2,Say Anything...
6.0,My Blue Heaven
6.6,Men Don't Leave
6.3,Hero
5.0,Toys
5.2,Young Doctors in Love
5.1,Parasite
5.4,No Small Affair
5.9,Blame It on Rio
5.9,Wisdom
6.4,One Crazy Summer
5.6,About Last Night...
5.9,The Seventh Sign
5.6,We're No Angels
5.0,Nothing but Trouble
5.6,The Butcher's Wife
5.3,Mortal Thoughts
7.1,A Few Good Men
5.8,Indecent Proposal
6.0,Permanent Midnight
6.2,One True Thing
6.8,Rush Hour
6.0,Lilian's Story
5.8,Six-String Samurai
7.0,A Soldier's Daughter Never Cries
6.8,Ronin
5.6,Urban Legend
6.3,Clay Pigeons
6.3,Monument Ave.
6.0,Pecker
6.4,The Sheltering Sky
7.1,Bandit Queen
7.2,If....
