vote_count,vote_average,title,popularity,release_date
5415.0,7.7,Toy Story,21.946943,1995-10-30
2413.0,6.9,Jumanji,17.015539,1995-12-15
92.0,6.5,Grumpier Old Men,11.7129,1995-12-22
34.0,6.1,Waiting to Exhale,3.859495,1995-12-22
173.0,5.7,Father of the Bride Part II,8.387519,1995-02-10
1886.0,7.7,Heat,17.924927,1995-12-15
141.0,6.2,Sabrina,6.677277,1995-12-15
45.0,5.4,Tom and Huck,2.561161,1995-12-22
174.0,5.5,Sudden Death,5.23158,1995-12-22
1194.0,6.6,GoldenEye,14.686036,1995-11-16
199.0,6.5,The American President,6.318445,1995-11-17
210.0,5.7,Dracula: Dead and Loving It,5.430331,1995-12-22
423.0,7.1,Balto,12.140733,1995-12-22
72.0,7.1,Nixon,5.092,1995-12-22
137.0,5.7,Cutthroat Island,7.284477,1995-12-22
1343.0,7.8,Casino,10.137389,1995-11-22
364.0,7.2,Sense and Sensibility,10.673167,1995-12-13
539.0,6.5,Four Rooms,9.026586,1995-12-09
1128.0,6.1,Ace Ventura: When Nature Calls,8.205448,1995-11-10
224.0,5.4,Money Train,7.337906,1995-11-21
305.0,6.4,Get Shorty,12.669608,1995-10-20
199.0,6.5,Copycat,10.701801,1995-10-27
394.0,6.0,Assassins,11.065939,1995-10-06
143.0,6.3,Powder,12.133094,1995-10-27
365.0,7.1,Leaving Las Vegas,10.332025,1995-10-27
33.0,7.0,Othello,1.845899,1995-12-15
91.0,6.6,Now and Then,8.681325,1995-10-20
36.0,7.4,Persuasion,2.228434,1995-09-27
308.0,7.6,The City of Lost Children,9.822423,1995-05-16
249.0,6.4,Dangerous Minds,9.481338,1995-08-11
2470.0,7.4,Twelve Monkeys,12.297305,1995-12-29
4.0,6.8,Wings of Courage,0.745542,1996-09-18
756.0,6.0,Babe,14.404764,1995-07-18
16.0,6.4,Carrington,1.493361,1995-11-08
350.0,7.3,Dead Man Walking,6.891317,1995-12-29
2.0,3.5,Across the Sea of Time,0.114469,1995-10-20
149.0,6.1,It Takes Two,7.777735,1995-11-17
828.0,6.9,Clueless,9.882383,1995-07-19
13.0,6.7,"Cry, the Beloved Country",0.894647,1995-12-15
50.0,6.9,Richard III,4.561387,1995-12-29
80.0,6.6,Dead Presidents,9.87957,1995-10-06
30.0,6.3,Restoration,10.979269,1995-12-29
452.0,5.4,Mortal Kombat,10.870138,1995-08-18
177.0,6.7,To Die For,10.448481,1995-05-20
38.0,6.5,How To Make An American Quilt,4.485958,1995-10-06
5915.0,8.1,Se7en,18.45743,1995-09-22
1509.0,6.7,Pocahontas,13.280069,1995-06-14
10.0,5.9,When Night Is Falling,3.302524,1995-05-05
3334.0,8.1,The Usual Suspects,16.302466,1995-07-19
3.0,6.3,Guardian Angel,0.595949,1994-11-22
145.0,6.7,Mighty Aphrodite,15.899134,1995-09-13
11.0,7.7,Lamerica,1.361286,1994-01-01
41.0,5.2,The Big Green,5.982764,1995-09-29
15.0,6.1,Georgia,4.093443,1995-05-19
1.0,3.0,Kids of the Round Table,0.307075,1997-07-08
39.0,6.3,Home for the Holidays,8.416802,1995-11-02
181.0,7.6,The Postman,10.168437,1994-09-22
2.0,6.5,The Confessional,0.120789,1995-09-29
136.0,5.9,The Indian in the Cupboard,10.673296,1995-07-14
65.0,5.8,Eye for an Eye,4.733526,1996-01-12
115.0,6.9,Mr. Holland's Opus,7.137117,1995-12-29
192.0,6.2,Don't Be a Menace to South Central While Drinking Your Juice in the Hood,11.700115,1996-01-12
14.0,4.5,Two If by Sea,2.174487,1996-01-12
110.0,4.4,Bio-Dome,6.387469,1996-01-12
32.0,2.8,Lawnmower Man 2: Beyond Cyberspace,2.49535,1996-01-12
11.0,5.4,Two Bits,4.046208,1995-10-22
43.0,6.0,French Twist,2.518051,1995-02-08
513.0,7.0,Friday,14.56965,1995-04-26
1644.0,6.9,From Dusk Till Dawn,15.339153,1996-01-19
54.0,4.1,Fair Game,5.912223,1995-11-03
36.0,7.0,Kicking and Screaming,3.367276,1995-10-06
8.0,6.6,Les Miserables,1.479446,1995-03-22
27.0,5.1,Bed of Roses,10.412194,1996-01-26
16.0,3.9,Big Bully,2.936443,1996-01-26
154.0,6.1,Screamers,12.758848,1995-09-08
3.0,7.3,Nico Icon,0.133893,1995-02-18
74.0,6.1,The Crossing Guard,5.756462,1995-11-15
91.0,5.5,The Juror,6.010579,1996-02-02
87.0,6.7,Things to Do in Denver When You're Dead,4.486179,1995-12-01
2.0,4.5,Once Upon a Time... When We Were Colored,0.252287,1996-01-26
17.0,6.3,Angels and Insects,2.15166,1995-09-10
86.0,6.3,White Squall,9.568604,1996-02-02
59.0,5.1,Dunston Checks In,4.814825,1996-01-12
124.0,6.0,Black Sheep,8.963037,1996-02-01
190.0,6.1,Nick of Time,6.848591,1995-11-22
3.0,6.7,The Journey of August King,0.411424,1995-09-14
77.0,5.7,Mary Reilly,12.866139,1996-02-23
113.0,4.5,Vampire in Brooklyn,9.071127,1995-10-26
103.0,6.6,Beautiful Girls,4.670562,1996-02-09
459.0,5.7,Broken Arrow,14.957626,1996-02-09
6.0,7.5,A Midwinter's Tale,0.513391,1995-12-01
695.0,7.9,La Haine,12.108196,1995-05-31
13.0,5.6,Shopping,2.657647,1994-12-06
4.0,6.8,Heidi Fleiss: Hollywood Madam,0.638211,1995-12-27
67.0,6.0,City Hall,4.807223,1996-02-16
285.0,6.8,Bottle Rocket,6.904831,1996-02-21
16.0,3.3,Mr. Wrong,3.329264,1996-02-16
22.0,5.3,Unforgettable,2.464425,1996-02-23
767.0,6.5,Happy Gilmore,9.592265,1996-02-16
397.0,7.3,The Bridges of Madison County,5.951077,1995-05-28
5.0,5.1,Nobody Loves Me,1.015068,1994-11-07
93.0,6.5,Muppet Treasure Island,6.902423,1996-02-16
2.0,7.0,Catwalk,0.976707,1995-12-08
3404.0,7.7,Braveheart,20.755149,1995-05-24
2632.0,8.1,Taxi Driver,14.092713,1976-02-07
37.0,5.8,Before and After,2.938293,1996-02-23
2.0,7.5,Margaret's Museum,0.372697,1995-09-13
23.0,7.0,Happiness Is in the Field,1.254885,1995-01-31
4.0,7.3,Anne Frank Remembered,0.243986,1995-06-08
19.0,6.9,The Young Poisoner's Handbook,6.178497,1995-01-20
11.0,5.4,If Lucy Fell,2.891918,1996-03-08
7.0,5.1,Steal Big Steal Little,1.522412,1995-09-29
21.0,5.2,Race the Sun,1.317878,1996-03-22
7.0,7.0,The Boys of St. Vincent,0.86539,1992-12-06
139.0,5.4,Boomerang,6.506983,1992-06-30
29.0,6.8,The Star Maker,1.702639,1995-09-21
66.0,6.3,Flirting with Disaster,5.579088,1996-03-22
105.0,4.4,The Neverending Story III: Escape from Fantasia,6.252377,1994-10-26
2.0,7.0,Pie in the Sky,0.699066,1996-02-09
9.0,5.6,Angela,2.197439,1995-01-01
4.0,5.4,Frankie Starlight,0.637554,1995-11-22
45.0,5.1,Jade,11.418917,1995-10-13
1.0,5.5,Nueba Yol,0.291021,1995-08-16
110.0,5.6,Down Periscope,5.184977,1996-03-01
2.0,6.5,From the Journals of Jean Seberg,0.276401,1995-09-08
2.0,3.8,Man of the Year,0.540436,1995-09-15
5.0,7.2,The Neon Bible,0.370342,1995-08-23
51.0,5.9,Up Close & Personal,3.402749,1996-03-01
303.0,6.7,The Birdcage,6.49968,1996-03-08
2.0,7.0,Virgin Mary,0.918504,1995-10-12
23.0,6.3,The Brothers McMullen,2.039196,1995-08-09
1729.0,6.5,Bad Boys,9.262184,1995-04-07
31.0,5.0,The Amazing Panda Adventure,2.375865,1995-08-25
472.0,7.2,The Basketball Diaries,7.415144,1995-04-21
11.0,6.0,An Awfully Big Adventure,0.922958,1995-07-21
21.0,6.5,Amateur,1.759012,1994-08-05
1637.0,7.3,Apollo 13,18.761467,1995-06-30
151.0,6.5,Rob Roy,10.193549,1995-04-13
46.0,6.4,The Addiction,3.137285,1995-01-10
1529.0,5.2,Batman Forever,13.321354,1995-06-16
163.0,7.3,Belle de Jour,10.142662,1967-05-24
21.0,6.4,Beyond Rangoon,2.04189,1995-05-24
28.0,6.8,Blue in the Face,11.528147,1995-09-15
57.0,5.9,Canadian Bacon,5.391556,1995-06-08
1045.0,6.0,Casper,12.812539,1995-05-26
69.0,6.8,Clockers,4.558992,1995-09-15
214.0,5.0,Congo,7.260574,1995-06-09
508.0,7.0,Crimson Tide,8.657365,1995-05-12
71.0,7.6,Crumb,3.620388,1994-09-10
898.0,6.8,Desperado,6.950458,1995-08-25
88.0,6.3,Devil in a Blue Dress,4.646132,1995-09-15
2094.0,6.9,Die Hard: With a Vengeance,15.138855,1995-05-19
57.0,5.6,The Doom Generation,7.120806,1995-10-27
319.0,5.9,First Knight,15.178338,1995-07-07
130.0,5.5,Free Willy 2 - The Adventure Home,7.575098,1995-07-19
406.0,6.2,Hackers,14.810519,1995-09-14
19.0,6.5,Jeffrey,3.196456,1995-08-18
380.0,5.5,Johnny Mnemonic,11.715868,1995-05-26
643.0,5.4,Judge Dredd,8.184815,1995-06-30
34.0,4.0,Jury Duty,3.676921,1995-04-12
280.0,6.8,Kids,4.877872,1995-07-28
64.0,7.2,Living in Oblivion,10.058329,1995-01-20
87.0,5.9,Lord of Illusions,4.102409,1995-08-25
7.0,7.0,Love & Human Remains,0.354014,1993-05-20
27.0,5.5,Mad Love,2.624771,1995-05-26
400.0,6.8,Mallrats,8.25547,1995-10-20
153.0,5.2,Mighty Morphin Power Rangers: The Movie,7.024227,1995-06-30
10.0,5.6,Moonlight and Valentino,1.01115,1995-09-29
36.0,6.4,Mute Witness,2.466066,1995-09-28
12.0,5.9,Nadja,7.720056,1994-09-13
359.0,5.6,The Net,13.304342,1995-07-28
171.0,5.5,Nine Months,8.482834,1995-07-12
14.0,5.8,Party Girl,1.165039,1995-06-09
139.0,6.4,The Prophecy,10.187623,1995-09-01
1.0,10.0,Reckless,0.119713,1995-11-17
62.0,7.2,Safe,8.180047,1995-06-23
111.0,5.5,The Scarlet Letter,6.752119,1995-10-13
261.0,4.9,Showgirls,17.502375,1995-09-22
115.0,7.2,Smoke,5.552946,1995-06-09
60.0,5.7,Something to Talk About,3.743212,1995-08-04
457.0,5.5,Species,13.492845,1995-07-07
6.0,6.6,The Stars Fell on Henrietta,0.913522,1995-09-15
334.0,6.8,Strange Days,11.223055,1995-10-13
119.0,7.6,The Umbrellas of Cherbourg,8.133881,1964-02-19
9.0,4.6,The Tie That Binds,1.820419,1995-09-08
18.0,6.1,Three Wishes,11.002046,1995-10-27
112.0,6.5,Total Eclipse,4.546552,1995-11-02
117.0,6.3,"To Wong Foo, Thanks for Everything! Julie Newmar",7.653446,1995-09-07
217.0,5.6,Under Siege 2: Dark Territory,7.490247,1995-07-13
9.0,6.4,Unstrung Heroes,2.881689,1995-09-15
6.0,6.0,Unzipped,0.786023,1995-08-11
168.0,6.5,A Walk in the Clouds,9.715639,1995-08-11
1017.0,5.9,Waterworld,16.885184,1995-07-28
25.0,5.1,White Man's Burden,1.834099,1995-12-01
27.0,5.9,Wild Bill,8.922139,1995-12-01
11.0,6.0,The Browning Version,3.727644,1994-10-12
29.0,4.9,Bushwhacked,3.287036,1995-08-04
45.0,7.7,Before the Rain,3.525649,1994-06-09
984.0,7.7,Before Sunrise,11.304979,1995-01-27
464.0,6.2,Billy Madison,6.638116,1995-02-10
27.0,4.7,The Babysitter,2.761837,1995-10-17
48.0,6.3,Boys on the Side,3.030309,1995-02-03
58.0,7.2,The Cure,2.686342,1995-04-21
40.0,5.8,Castle Freak,2.26977,1995-08-04
30.0,6.5,Circle of Friends,2.605521,1995-03-16
769.0,7.4,Clerks,10.513367,1994-09-13
184.0,6.3,Don Juan DeMarco,7.438934,1994-10-01
217.0,5.9,Disclosure,11.812244,1994-12-09
1.0,2.5,Dream Man,0.155859,1995-01-01
91.0,5.1,Drop Zone,9.579155,1994-12-08
9.0,5.3,Destiny Turns on the Radio,0.710671,1995-04-28
92.0,7.1,Death and the Maiden,5.484156,1994-05-04
183.0,7.1,Dolores Claiborne,5.8025,1995-03-24
1894.0,6.5,Dumb and Dumber,9.844558,1994-12-16
64.0,6.5,Exotica,5.378467,1994-09-24
28.0,4.3,Exit to Eden,4.322726,1994-10-14
639.0,7.3,Ed Wood,11.720358,1994-09-27
179.0,6.2,French Kiss,9.146544,1995-05-05
38.0,6.1,Forget Paris,16.236745,1995-05-19
27.0,5.6,Far from Home: The Adventures of Yellow Dog,2.657337,1995-01-13
404.0,6.7,A Goofy Movie,10.177977,1995-04-07
24.0,5.0,Hideaway,8.182165,1995-03-03
48.0,6.6,Fluke,4.953936,1995-06-02
20.0,5.9,Farinelli,8.935058,1994-12-07
4.0,3.0,Gordy,0.398924,1995-05-12
2.0,5.0,Gumby: The Movie,0.090452,1995-12-01
9.0,5.4,The Glass Shield,1.012197,1994-09-16
91.0,7.7,Hoop Dreams,9.47666,1994-09-12
299.0,6.9,Heavenly Creatures,9.438042,1994-09-02
17.0,6.0,Houseguest,2.688562,1995-01-06
90.0,6.9,Immortal Beloved,7.983666,1994-12-16
97.0,6.0,Heavyweights,9.546707,1995-02-17
25.0,6.0,The Hunted,2.756986,1995-02-24
112.0,5.9,I.Q.,5.146352,1994-12-24
1558.0,7.2,Interview with the Vampire,11.970205,1994-11-11
10.0,5.2,Jefferson in Paris,1.596058,1995-03-31
10.0,4.8,The Jerky Boys,0.748846,1995-02-03
381.0,4.7,Junior,6.710215,1994-11-22
124.0,6.0,Just Cause,9.195256,1995-02-17
40.0,4.3,A Kid in King Arthur's Court,5.874511,1995-08-11
83.0,5.7,Kiss of Death,7.797512,1995-04-21
6778.0,8.1,Star Wars,42.149697,1977-05-25
222.0,7.0,Little Women,9.774994,1994-12-21
207.0,7.4,A Little Princess,7.731725,1995-05-10
14.0,7.4,Ladybird Ladybird,0.84508,1994-02-18
22.0,6.6,L'Enfer,1.948315,1994-02-16
70.0,6.6,Like Water for Chocolate,4.126083,1992-04-16
636.0,7.2,Legends of the Fall,12.199047,1994-12-16
164.0,6.1,Major Payne,9.253362,1995-03-24
31.0,6.4,Little Odessa,1.861292,1994-10-27
9.0,5.7,Mi Vida Loca,1.788829,1994-06-08
11.0,4.3,Love Affair,3.290192,1994-10-21
28.0,6.4,Losing Isaiah,7.698526,1995-03-17
67.0,6.7,The Madness of King George,4.81307,1994-12-28
272.0,6.1,Mary Shelley's Frankenstein,14.287753,1994-11-04
40.0,5.1,Man of the House,2.558118,1995-03-03
37.0,5.2,Mixed Nuts,2.899608,1994-12-21
49.0,5.6,Milk Money,3.770115,1994-08-31
199.0,6.4,Miracle on 34th Street,5.831622,1994-11-18
7.0,5.6,Miami Rhapsody,1.137266,1995-01-27
11.0,7.0,My Family,3.121288,1995-05-03
140.0,6.9,Murder in the First,9.518564,1995-01-20
56.0,7.0,Nobody's Fool,2.891269,1994-12-23
128.0,6.1,Nell,5.930957,1994-12-23
7.0,6.9,New Jersey Drive,0.629955,1995-04-19
4.0,4.0,Beyond Bedlam,0.426952,1994-04-22
10.0,4.6,Nemesis 2 - Nebula,1.466491,1995-09-26
4.0,7.4,Nina Takes a Lover,0.769522,1995-03-03
927.0,6.9,Natural Born Killers,11.226856,1994-08-25
92.0,6.4,Only You,4.936761,1994-09-17
106.0,7.6,Once Were Warriors,4.025276,1994-09-02
32.0,4.6,Poison Ivy II: Lily,6.448039,1996-01-16
522.0,6.4,Outbreak,13.676444,1995-03-10
4293.0,8.2,Leon: The Professional,20.477329,1994-09-14
9.0,6.6,The Perez Family,1.433544,1995-05-12
2.0,7.0,A Pyromaniac's Love Story,0.463307,1995-04-28
8670.0,8.3,Pulp Fiction,140.950236,1994-09-10
6.0,6.4,Panther,7.160149,1995-11-10
32.0,6.4,Priest,1.881932,1994-01-01
262.0,7.1,Quiz Show,7.772505,1994-09-16
5.0,7.4,Picture Bride,1.296912,1995-05-05
67.0,7.0,Queen Margot,4.405405,1994-05-13
431.0,6.2,The Quick and the Dead,7.54701,1995-02-09
33.0,5.3,Prêt-à-Porter,6.259433,1994-12-23
246.0,7.8,Three Colors: Red,7.832755,1994-05-27
311.0,7.7,Three Colors: Blue,8.843517,1993-01-10
218.0,7.3,Three Colors: White,6.5898,1994-01-26
15.0,5.1,Rent-a-Kid,1.155255,1995-01-01
3.0,4.7,Relative Fear,0.499601,1995-10-03
6.0,5.0,Stuart Saves His Family,1.390885,1995-04-12
251.0,6.5,The Swan Princess,8.910462,1994-11-18
15.0,6.1,The Secret of Roan Inish,1.750481,1994-01-01
317.0,5.5,The Specialist,10.388183,1994-10-07
942.0,6.8,Stargate,13.328924,1994-10-27
501.0,6.3,The Santa Clause,9.665424,1994-11-10
8358.0,8.5,The Shawshank Redemption,51.645403,1994-09-23
247.0,7.0,Shallow Grave,8.223026,1994-12-22
7.0,6.0,Suture,1.298224,1993-09-14
16.0,7.1,Strawberry and Chocolate,1.777197,1993-01-01
104.0,6.7,Swimming with Sharks,5.869261,1994-09-10
21.0,6.0,The Sum of Us,1.407427,1994-07-12
23.0,5.7,Senior Trip,5.05806,1995-09-08
140.0,5.5,Tank Girl,7.602087,1995-03-31
96.0,6.7,Tales from the Crypt: Demon Knight,9.455342,1995-01-13
461.0,6.4,Star Trek: Generations,8.105708,1994-11-17
33.0,5.4,Tales from the Hood,2.86007,1995-05-24
8.0,5.8,Tom & Viv,0.704204,1994-04-15
165.0,5.6,Village of the Damned,6.529879,1995-04-28
321.0,6.8,Tommy Boy,11.971318,1995-03-31
15.0,6.1,Vanya on 42nd Street,7.039846,1994-09-13
15.0,5.6,The Underneath,2.059771,1995-04-28
4.0,6.6,The Walking Dead,0.620873,1995-02-24
943.0,7.5,What's Eating Gilbert Grape,10.3919,1993-12-17
163.0,5.4,Virtuosity,5.188399,1995-08-04
340.0,6.5,While You Were Sleeping,15.783615,1995-04-21
39.0,6.3,The War,3.908596,1994-11-04
2.0,5.5,Double Happiness,0.372239,1994-09-07
104.0,6.9,Muriel's Wedding,5.254847,1994-09-29
23.0,5.3,The Baby-Sitters Club,2.15805,1995-08-18
1684.0,6.4,Ace Ventura: Pet Detective,11.247957,1994-02-04
174.0,7.2,"The Adventures of Priscilla, Queen of the Desert",8.328596,1994-05-31
37.0,6.2,Backbeat,2.487951,1994-04-01
115.0,7.0,Bitter Moon,11.298195,1992-09-02
130.0,7.0,Bullets Over Broadway,5.72288,1994-10-14
390.0,6.4,Clear and Present Danger,7.513245,1994-08-03
287.0,6.4,The Client,15.263829,1994-07-20
83.0,6.4,"Corrina, Corrina",6.924689,1994-08-12
31.0,6.7,Crooklyn,2.533022,1994-05-13
980.0,7.3,The Crow,15.799336,1994-05-11
29.0,6.1,Cobb,2.583363,1994-12-02
559.0,5.0,The Flintstones,15.019586,1994-05-26
8147.0,8.2,Forrest Gump,48.307194,1994-07-06
654.0,6.6,Four Weddings and a Funeral,8.990345,1994-03-09
49.0,6.4,Higher Learning,7.817811,1995-01-11
4.0,6.3,I Like It Like That,0.289295,1994-10-14
41.0,5.3,I Love Trouble,3.570874,1994-06-29
154.0,6.1,It Could Happen to You,11.272073,1994-07-29
107.0,5.9,The Jungle Book,10.714235,1994-12-23
5.0,7.3,"The Wonderful, Horrible Life of Leni Riefenstahl",0.568884,1993-09-11
5520.0,8.0,The Lion King,21.605761,1994-06-23
76.0,6.0,Little Buddha,5.681522,1993-12-01
297.0,6.4,New Nightmare,9.860522,1994-10-13
2550.0,6.6,The Mask,14.13488,1994-07-29
490.0,6.6,Maverick,15.050326,1994-05-20
20.0,6.3,Mrs. Parker and the Vicious Circle,4.739054,1994-09-07
535.0,6.4,The Naked Gun 33⅓: The Final Insult,10.587232,1994-03-18
40.0,6.1,The Paper,4.006063,1994-03-18
180.0,6.5,Reality Bites,6.514592,1994-02-18
71.0,6.4,Red Rock West,5.137903,1993-07-08
426.0,5.4,Ri¢hie Ri¢h,6.595255,1994-12-19
7.0,4.9,Safe Passage,4.931565,1994-12-01
214.0,6.1,The River Wild,10.511241,1994-09-30
1814.0,6.8,Speed,10.859292,1994-06-09
24.0,5.5,Speechless,2.334226,1994-12-16
288.0,5.5,Timecop,8.907074,1994-09-15
1138.0,6.8,True Lies,11.396099,1994-07-14
71.0,6.0,When a Man Loves a Woman,4.322544,1994-04-29
221.0,6.0,Wolf,14.063845,1994-06-17
203.0,6.5,Wyatt Earp,9.277147,1994-06-24
12.0,4.9,Bad Company,0.912415,1995-01-20
2.0,6.5,A Man of No Importance,0.406113,1994-12-22
22.0,6.1,S.F.W.,2.504529,1994-09-15
31.0,6.0,A Low Down Dirty Shame,3.021526,1994-11-23
1.0,2.0,"Boys Life: Three Stories of Love, Lust, and Liberation",0.054148,1994-09-30
9.0,5.9,Colonel Chabert,0.934312,1994-01-01
59.0,6.5,"Faster, Pussycat! Kill! Kill!",4.220541,1965-08-06
9.0,5.9,Jason's Lyric,0.912909,1994-09-28
8.0,7.1,The Secret Adventures of Tom Thumb,0.381704,1993-12-10
330.0,4.1,Street Fighter,13.58449,1994-12-22
13.0,6.7,Coldblooded,2.342756,1995-09-15
6.0,6.3,Fall Time,1.108494,1995-05-13
7.0,3.4,The Fear,0.268043,1995-01-20
4.0,7.5,Frank and Ollie,0.142357,1995-10-20
1.0,10.0,Girl in the Cadillac,0.405392,1995-10-24
1.0,4.0,Mirage,0.302957,1995-11-21
1.0,5.0,Dos Crímenes,0.233376,1995-05-26
1.0,4.0,Brother Minister: The Assassination of Malcolm X,0.0368,1995-03-01
110.0,4.5,Highlander: The Final Dimension,6.866634,1994-11-29
2.0,5.0,Federal Hill,0.100685,1995-02-24
307.0,7.1,In the Mouth of Madness,8.497643,1994-12-12
22.0,7.2,8 Seconds,1.888534,1994-02-25
40.0,6.7,Above the Rim,4.38154,1994-03-23
537.0,6.5,Addams Family Values,17.555909,1993-11-19
4.0,4.5,Martin Lawrence: You So Crazy,0.394194,1994-04-27
172.0,7.0,The Age of Innocence,8.013617,1993-09-17
222.0,5.8,Airheads,7.09232,1994-08-05
42.0,5.1,The Air Up There,1.896273,1994-01-07
58.0,4.9,Another Stakeout,12.967239,1993-07-22
61.0,4.6,Bad Girls,14.644772,1994-04-22
20.0,6.6,Barcelona,1.632711,1994-07-29
15.0,5.0,Being Human,2.783872,1994-05-06
86.0,5.0,The Beverly Hillbillies,5.673735,1993-10-15
445.0,5.5,Beverly Hills Cop III,11.787784,1994-05-24
68.0,6.6,Black Beauty,8.398845,1994-07-29
45.0,6.3,Blink,3.00282,1994-01-26
126.0,6.0,Blown Away,13.155071,1994-07-01
41.0,5.7,Blue Chips,6.131056,1994-02-18
28.0,6.1,Blue Sky,4.993829,1994-09-16
102.0,5.8,Body Snatchers,6.559693,1993-06-09
59.0,4.5,Boxing Helena,4.304224,1993-06-18
447.0,7.4,A Bronx Tale,6.115628,1993-09-14
28.0,4.9,Cabin Boy,1.679042,1994-01-07
10.0,3.7,Calendar Girl,1.316741,1993-09-03
805.0,7.7,Carlito's Way,8.698509,1993-11-10
103.0,4.9,City Slickers II: The Legend of Curly's Gold,8.605703,1994-06-10
25.0,5.7,Clean Slate,2.724621,1994-05-06
600.0,6.1,Cliffhanger,9.830853,1993-05-28
228.0,4.8,Coneheads,10.722729,1993-07-23
117.0,5.4,Color of Night,14.228963,1994-08-19
36.0,5.0,Cops & Robbersons,7.042878,1994-04-15
38.0,5.1,The Cowboy Way,4.286279,1994-06-03
9.0,5.4,Dangerous Game,2.70097,1993-11-19
205.0,6.3,Dave,13.696394,1993-05-07
588.0,7.4,Dazed and Confused,6.8652,1993-09-24
1018.0,6.4,Demolition Man,11.626116,1993-10-08
12.0,7.1,The Endless Summer 2,0.408159,1994-06-03
29.0,4.2,Even Cowgirls Get the Blues,2.970724,1994-05-13
37.0,5.4,Fatal Instinct,3.555139,1993-10-29
6.0,3.3,The Favor,1.344876,1994-04-29
80.0,6.8,Fearless,9.284624,1993-10-15
11.0,5.8,Fear of a Black Hat,0.985441,1994-10-28
54.0,6.1,With Honors,2.969003,1994-04-29
22.0,6.2,Flesh and Bone,1.896869,1993-11-05
3.0,4.3,Widows' Peak,0.409427,1994-05-13
77.0,5.7,For Love or Money,8.468869,1993-10-01
513.0,6.6,The Firm,9.678367,1993-06-30
429.0,6.0,Free Willy,5.990572,1993-07-16
56.0,7.6,Fresh,3.970215,1994-08-24
1240.0,7.2,The Fugitive,10.08937,1993-08-06
44.0,5.9,Geronimo: An American Legend,4.653462,1993-12-10
81.0,5.4,The Getaway,14.214403,1994-02-11
43.0,4.5,Getting Even with Dad,2.410545,1994-06-17
5.0,3.9,Go Fish,0.775898,1994-06-10
11.0,5.2,A Good Man in Africa,5.22583,1994-07-14
21.0,5.6,Guilty as Sin,5.385108,1993-06-04
237.0,6.1,Hard Target,7.834351,1993-08-20
51.0,6.4,Heaven & Earth,4.190541,1993-12-24
463.0,6.2,Hot Shots! Part Deux,13.482371,1993-05-21
12.0,4.7,Live Nude Girls,2.138959,1995-12-08
83.0,6.1,The Englishman Who Went Up a Hill But Came Down a Mountain,5.331753,1995-05-12
135.0,6.7,The House of the Spirits,10.687795,1993-10-19
11.0,4.6,House Party 3,0.996047,1994-01-01
280.0,7.1,The Hudsucker Proxy,7.550545,1994-03-11
18.0,5.7,I'll Do Anything,1.742974,1994-02-04
54.0,4.7,In the Army Now,6.071466,1994-08-12
392.0,6.8,In the Line of Fire,12.637158,1993-07-08
363.0,7.6,In the Name of the Father,7.405895,1993-12-12
5.0,3.9,The Inkwell,0.613335,1994-04-22
75.0,6.9,What's Love Got to Do with It,14.820883,1993-06-09
17.0,4.6,Jimmy Hollywood,4.563989,1994-03-30
79.0,6.4,Judgment Night,5.538671,1993-10-15
4956.0,7.6,Jurassic Park,8.863776,1993-06-11
209.0,6.5,Kalifornia,8.4337,1993-09-01
111.0,6.1,Killing Zoe,4.948569,1993-10-01
33.0,6.4,King of the Hill,4.375347,1993-08-20
54.0,6.1,Lassie,3.645342,1994-07-22
725.0,6.1,Last Action Hero,9.434006,1993-06-18
24.0,5.1,Life With Mikey,6.446229,1993-06-04
40.0,5.7,Lightning Jack,2.913584,1994-03-11
35.0,6.6,M. Butterfly,6.516976,1993-09-09
86.0,5.3,Made in America,5.43085,1993-05-27
105.0,5.9,Malice,9.861672,1993-09-29
125.0,6.2,The Man without a Face,5.997712,1993-08-25
169.0,7.1,Manhattan Murder Mystery,8.939404,1993-08-18
179.0,7.2,Menace II Society,5.260924,1993-05-26
261.0,5.8,Executive Decision,13.106291,1996-03-15
112.0,6.5,In the Realm of the Senses,8.932494,1976-05-15
7.0,7.0,What Happened Was...,0.534606,1994-09-09
194.0,7.2,Much Ado About Nothing,8.62724,1993-05-07
35.0,5.9,Mr. Jones,6.579753,1993-10-08
11.0,5.5,Mr. Wonderful,13.011091,1993-10-15
1638.0,7.0,Mrs. Doubtfire,11.16553,1993-11-24
105.0,7.5,Naked,8.665198,1993-09-14
202.0,4.8,The Next Karate Kid,9.9697,1994-07-18
5.0,4.8,The New Age,0.596207,1994-09-16
86.0,6.1,No Escape,9.715187,1994-04-29
67.0,4.8,North,15.534707,1994-07-22
53.0,6.7,Orlando,3.800785,1992-09-01
376.0,7.2,A Perfect World,8.040589,1993-11-24
1019.0,7.6,Philadelphia,13.373006,1993-12-22
290.0,7.1,The Piano,7.436758,1993-05-19
47.0,6.9,Poetic Justice,6.972599,1993-07-23
28.0,6.0,The Program,3.199976,1993-09-24
41.0,5.6,The Puppet Masters,7.272296,1994-10-21
12.0,5.8,Radioland Murders,8.506727,1994-10-21
99.0,6.7,The Ref,5.868677,1994-03-09
213.0,7.5,The Remains of the Day,12.222576,1993-11-05
83.0,5.9,Renaissance Man,4.985157,1994-06-03
188.0,5.8,Rising Sun,6.279082,1993-07-30
43.0,5.5,The Road to Wellville,3.416181,1994-10-28
309.0,4.2,RoboCop 3,8.685798,1993-04-17
575.0,6.4,Robin Hood: Men in Tights,17.136672,1993-07-28
36.0,5.7,Romeo Is Bleeding,9.796318,1993-09-13
126.0,6.6,Romper Stomper,5.157926,1992-03-05
10.0,5.6,Ruby in Paradise,0.941994,1993-10-08
187.0,7.2,Rudy,5.914833,1993-09-17
5.0,4.0,The Saint of Fort Washington,1.065843,1993-11-03
11.0,6.2,Savage Nights,1.031556,1992-08-19
4436.0,8.3,Schindler's List,41.725123,1993-11-29
37.0,5.3,The Scout,5.715608,1994-09-30
100.0,7.3,Searching for Bobby Fischer,12.048587,1993-08-13
8.0,5.9,Second Best,0.882596,1994-09-30
232.0,7.1,The Secret Garden,6.499523,1993-08-13
137.0,6.4,Serial Mom,5.305311,1994-04-13
140.0,5.4,The Shadow,7.881107,1994-07-01
61.0,6.8,Shadowlands,2.96586,1993-12-25
136.0,6.9,Short Cuts,8.829337,1993-09-05
26.0,5.7,A Simple Twist of Fate,4.13516,1994-09-02
31.0,5.2,Sirens,2.86213,1993-10-01
75.0,6.5,Six Degrees of Separation,8.730025,1993-12-08
630.0,6.5,Sleepless in Seattle,10.234919,1993-06-24
144.0,4.9,Sliver,11.23297,1993-05-21
3833.0,7.9,Blade Runner,96.272374,1982-06-25
81.0,5.6,Son in Law,9.122718,1993-07-02
131.0,6.1,So I Married an Axe Murderer,8.051914,1993-07-30
223.0,5.4,Striking Distance,13.390917,1993-09-17
4.0,4.0,Harem,1.825468,1985-11-20
236.0,4.0,Super Mario Bros.,7.198455,1993-05-28
53.0,6.1,Surviving the Game,3.644641,1994-04-15
82.0,5.0,Terminal Velocity,8.012225,1994-09-23
9.0,7.4,Thirty Two Short Films About Glenn Gould,0.873068,1993-11-26
57.0,6.3,Threesome,10.82236,1994-04-08
2135.0,7.6,The Nightmare Before Christmas,17.730913,1993-10-09
219.0,6.2,The Three Musketeers,6.34785,1993-11-11
632.0,7.4,Tombstone,11.338194,1993-12-25
5.0,5.5,Trial by Jury,0.85586,1994-09-09
762.0,7.5,True Romance,17.189328,1993-09-09
19.0,7.3,The War Room,1.273617,1993-12-05
178.0,6.2,The Pagemaster,7.436001,1994-11-23
2.0,6.0,"Paris, France",0.741522,1994-02-04
2.0,3.0,Killer,0.422224,1994-09-14
103.0,6.9,Welcome to the Dollhouse,5.14056,1995-05-24
43.0,6.3,Germinal,2.759302,1993-09-29
22.0,4.7,Chasers,9.85327,1994-04-22
153.0,6.4,Cronos,5.513024,1993-09-12
3.0,4.0,Naked in New York,0.449733,1993-11-10
58.0,6.8,Kika,3.647321,1993-10-28
10.0,5.1,Bhaji on the Beach,0.441585,1994-01-21
20.0,6.0,Little Big League,1.960563,1994-06-29
74.0,7.2,"Ciao, Professore!",3.456868,1992-10-01
29.0,5.3,Spanking the Monkey,2.799575,1994-01-15
214.0,6.3,The Little Rascals,6.707109,1994-08-05
31.0,5.0,Andre,3.139316,1994-08-17
5.0,5.0,The Escort,0.046196,1993-01-01
5.0,4.4,Princess Caraboo,1.943323,1994-09-16
24.0,7.0,The Celluloid Closet,6.784687,1996-01-30
4.0,6.8,Café au Lait,1.040873,1993-01-01
46.0,6.9,Dear Diary,2.904734,1993-10-12
1.0,6.0,I Don't Want to Talk About It,1.213481,1993-05-20
87.0,5.9,The Brady Bunch Movie,4.233092,1995-02-16
2487.0,7.1,Home Alone,0.702543,1990-11-09
1381.0,6.9,Ghost,11.945397,1990-07-12
3495.0,7.4,Aladdin,16.357419,1992-11-25
4274.0,7.7,Terminator 2: Judgment Day,22.661695,1991-07-01
1084.0,7.6,Dances with Wolves,11.654349,1990-11-09
4.0,6.3,Tough and Deadly,0.426887,1995-02-14
2145.0,7.0,Batman,19.10673,1989-06-23
4549.0,8.1,The Silence of the Lambs,4.307222,1991-02-01
1973.0,6.9,Snow White and the Seven Dwarfs,16.263878,1937-12-20
3029.0,7.5,Beauty and the Beast,23.433511,1991-11-13
1412.0,6.9,Pinocchio,14.202284,1940-02-23
1807.0,7.0,Pretty Woman,13.348451,1990-03-23
266.0,7.7,The Wild Bunch,11.722424,1969-06-17
15.0,5.5,Love and a .45,3.40523,1994-11-23
1.0,6.5,The Wooden Man's Bride,0.088451,1994-02-05
2.0,7.0,A Great Day in Harlem,0.076352,1994-09-27
20.0,6.1,Bye Bye Love,2.47308,1995-03-16
160.0,6.1,One Fine Day,7.009946,1996-12-20
64.0,5.0,Candyman: Farewell to the Flesh,4.983552,1995-03-17
1.0,5.0,Century,1.461029,1993-12-31
2080.0,7.7,Fargo,12.61469,1996-04-05
105.0,6.0,Homeward Bound II: Lost in San Francisco,14.657754,1996-03-08
150.0,6.3,Heavy Metal,7.640073,1981-08-07
111.0,4.9,Hellraiser: Bloodline,5.263187,1996-03-08
30.0,4.6,The Pallbearer,8.174116,1996-05-03
51.0,7.1,Jane Eyre,2.420301,1996-02-09
3.0,4.0,Loaded,0.618066,1996-04-12
10.0,7.1,Bread and Chocolate,1.306628,1974-05-05
1287.0,7.1,The Aristocats,9.834047,1970-12-23
43.0,6.9,The Flower of My Secret,2.286788,1995-09-22
24.0,5.1,Two Much,1.620174,1996-02-14
24.0,3.6,Ed,5.174212,1996-03-15
4.0,7.5,Scream of Stone,0.736081,1991-01-01
4.0,6.4,My Favorite Season,0.516924,1993-05-14
1.0,5.0,A Modern Affair,0.173207,1996-09-06
3.0,4.7,Condition Red,0.793932,1995-12-08
5.0,7.4,Halfaouine: Boy of the Terraces,1.983301,1990-01-01
15.0,5.7,A Thin Line Between Love and Hate,2.256747,1996-04-04
82.0,6.5,The Last Supper,4.619915,1995-09-08
644.0,7.4,Primal Fear,10.326213,1996-04-03
1.0,6.0,Rude,0.065827,1995-09-08
5.0,5.4,Carried Away,1.67218,1996-01-26
50.0,5.0,All Dogs Go to Heaven 2,5.028897,1996-03-29
53.0,7.0,Land and Freedom,6.144235,1995-01-01
5.0,6.6,Denise Calls Up,0.466476,1995-05-17
17.0,3.6,Theodore Rex,2.583686,1995-12-14
14.0,5.6,A Family Thing,6.207993,1996-03-29
3.0,3.0,Frisk,0.319215,1996-03-22
96.0,5.5,Sgt. Bilko,5.70904,1996-03-29
10.0,5.1,Jack & Sarah,1.523446,1995-06-02
17.0,5.7,Girl 6,4.405169,1996-03-22
74.0,5.4,Diabolique,4.530079,1996-03-22
145.0,6.0,"Little Indian, Big City",4.728163,1994-12-14
1.0,5.0,Roula,0.149157,1995-09-11
1.0,4.0,Peanuts – Die Bank zahlt alles,0.066123,1996-03-21
16.0,7.1,Nelly and Monsieur Arnaud,1.784647,1996-04-12
240.0,6.2,Courage Under Fire,11.595316,1996-07-04
2677.0,6.7,Mission: Impossible,15.793477,1996-05-22
6.0,7.7,Cold Fever,0.494977,1995-02-10
19.0,6.2,Moll Flanders,2.337263,1996-06-14
7.0,5.3,The Superwife,0.821299,1996-03-06
553.0,6.4,DragonHeart,23.63659,1996-05-31
46.0,5.4,Eddie,3.09233,1996-05-31
4.0,6.0,Yankee Zulu,1.558066,1993-12-01
73.0,7.3,Purple Noon,3.804493,1960-03-10
3.0,5.3,August,0.987434,1996-08-08
375.0,6.2,James and the Giant Peach,13.217623,1996-04-12
157.0,6.1,Fear,6.954926,1996-04-12
26.0,5.9,Kids in the Hall: Brain Candy,2.299851,1996-04-02
4.0,4.8,Faithful,1.296862,1996-04-03
23.0,5.2,Bloodsport II,3.085207,1996-03-01
71.0,7.0,Mystery Science Theater 3000: The Movie,2.985163,1996-04-19
1335.0,6.5,Space Jam,11.054251,1996-11-15
149.0,5.7,Barbarella,14.304205,1968-10-10
1.0,8.0,Hostile Intentions,0.062388,1995-01-01
1.0,5.5,They Bite,0.466991,1996-01-01
8.0,7.5,Some Folks Call It a Sling Blade,0.459376,1994-03-26
2.0,8.0,The Run of the Country,0.117662,1995-09-22
100.0,6.8,Alphaville,4.658149,1965-05-05
21.0,6.8,Coup de Torchon,2.272213,1981-11-04
4.0,7.5,Tigrero: A Film That Was Never Made,0.18343,1994-01-01
9.0,5.8,Windows,0.400023,1980-01-18
9.0,6.2,It's My Party,2.791667,1996-03-22
1.0,8.0,Country Life,0.487357,1994-10-27
37.0,4.7,Operation Dumbo Drop,4.357971,1995-07-28
1.0,5.0,The Promise,0.122178,1995-02-16
26.0,5.5,Mrs. Winterbourne,9.1861,1996-04-19
18.0,3.9,Solo,1.899069,1996-10-23
60.0,5.8,The Substitute,10.68537,1996-04-19
7.0,5.1,True Crime,1.217249,1996-03-12
29.0,5.5,Feeling Minnesota,10.298582,1996-09-13
5.0,3.3,Delta of Venus,1.099187,1995-06-09
24.0,6.8,Angus,2.25008,1995-09-15
36.0,7.1,Faces,7.918418,1968-11-24
11.0,5.3,Boys,1.579153,1996-05-10
126.0,5.3,The Quest,7.941972,1996-04-19
9.0,7.1,Cosi,0.947007,1996-03-04
7.0,5.1,Sunset Park,1.231692,1996-04-26
73.0,6.2,Mulholland Falls,5.79463,1996-04-26
86.0,5.7,The Truth About Cats & Dogs,5.121203,1996-04-26
372.0,6.5,Oliver & Company,10.813579,1988-11-18
35.0,4.9,Celtic Pride,1.940747,1996-04-19
85.0,5.3,Flipper,4.557006,1996-05-17
10.0,6.0,Captives,1.926109,1994-05-03
11.0,4.4,Of Love and Shadows,0.709209,1994-05-10
397.0,7.2,Dead Man,6.505272,1995-12-23
25.0,6.7,The Horseman on the Roof,1.690768,1995-09-20
27.0,6.6,Switchblade Sisters,6.035166,1975-01-05
5.0,5.5,Mouth to Mouth,1.133409,1995-11-10
433.0,7.1,The Visitors,7.326169,1993-01-27
158.0,5.5,Multiplicity,8.768806,1996-07-19
1.0,10.0,"The Haunted World of Edward D. Wood, Jr.",0.037443,1996-05-01
388.0,6.3,The Craft,12.860385,1996-05-03
29.0,5.1,The Great White Hype,3.321765,1996-05-03
9.0,5.6,Last Dance,1.196686,1996-05-02
21.0,7.0,Cold Comfort Farm,1.92386,1995-01-01
11.0,7.7,"Institute Benjamenta, or This Dream People Call Human Life",0.543042,1995-08-01
17.0,5.0,Heaven's Prisoners,9.264679,1996-05-17
5.0,5.5,Original Gangstas,0.343579,1996-05-10
1474.0,6.9,The Rock,13.249824,1996-06-06
6.0,5.5,Getting Away with Murder,0.746662,1996-04-12
105.0,7.0,Cemetery Man,6.247819,1994-03-25
966.0,6.1,Twister,8.739144,1996-05-10
117.0,3.9,Barb Wire,5.877599,1996-05-02
1.0,5.0,Le Garçu,0.125882,1995-10-31
854.0,7.8,Ghost in the Shell,10.686166,1995-11-18
125.0,5.5,Thinner,4.856229,1996-10-25
148.0,4.9,Spy Hard,8.202057,1996-05-24
223.0,7.5,A Close Shave,6.796858,1995-12-24
33.0,6.6,Force of Evil,4.386329,1948-12-25
22.0,4.2,The Stupids,1.751457,1996-08-30
200.0,6.1,The Arrival,6.497591,1996-05-31
1472.0,8.0,Dr. Strangelove or: How I Learned to Stop Worrying and Love the Bomb,9.80398,1964-01-29
4.0,7.8,Careful,0.160571,1992-09-30
7.0,7.2,A Month by the Lake,0.851078,1995-09-11
20.0,5.8,Gold Diggers: The Secret of Bear Mountain,5.508101,1995-11-03
5.0,7.0,Kim,1.048075,1950-12-07
3.0,8.0,The Jar,0.401531,1994-04-01
116.0,7.4,Stalingrad,7.667284,1993-01-21
138.0,4.7,The Phantom,8.079541,1996-06-06
210.0,4.4,Striptease,11.341502,1996-06-28
15.0,5.7,The Last of the High Kings,1.427756,1996-12-06
11.0,7.7,Heavy,0.889498,1995-01-20
340.0,5.9,Jack,6.287245,1996-08-09
32.0,6.1,I Shot Andy Warhol,2.771201,1996-05-01
4.0,6.1,The Grass Harp,0.365418,1995-09-10
2.0,6.5,Life is Rosy,0.514363,1987-11-17
1.0,5.0,Quartier Mozart,0.011938,1992-05-26
1.0,5.0,God's Gift,0.049573,1982-01-01
24.0,5.5,Spirits of the Dead,1.794298,1968-05-16
5.0,6.3,Pharaoh's  Army,0.837911,1995-01-01
2737.0,7.8,Trainspotting,19.348466,1996-02-23
4.0,3.9,Til There Was You,2.700061,1997-05-30
3334.0,6.7,Independence Day,17.634197,1996-06-25
99.0,6.6,Stealing Beauty,6.418805,1996-03-29
202.0,5.7,The Fan,12.202063,1996-08-15
1182.0,6.8,The Hunchback of Notre Dame,13.553999,1996-06-21
603.0,5.7,The Cable Guy,7.586577,1996-06-10
248.0,6.7,Kingpin,11.633347,1996-07-04
553.0,5.6,Eraser,6.919314,1996-06-21
717.0,5.4,The Nutty Professor,9.651581,1996-06-26
3.0,6.8,"I, the Worst of All",0.202495,1990-08-09
1.0,8.0,My Life and Times With Antonin Artaud,0.000308,1993-01-01
1.0,7.0,Midnight Dancers,0.05956,1994-09-09
2.0,5.1,Somebody to Love,0.970688,1994-09-27
385.0,5.8,Daylight,11.995799,1996-12-06
413.0,6.7,The Frighteners,12.09096,1996-07-18
79.0,6.9,Lone Star,9.069963,1996-06-21
47.0,5.7,Harriet the Spy,4.086563,1996-07-10
328.0,6.2,Phenomenon,5.575992,1996-07-05
8.0,6.6,Walking and Talking,0.913281,1996-07-17
71.0,5.7,She's the One,10.827266,1996-08-26
522.0,7.0,A Time to Kill,13.309013,1996-07-24
9.0,6.2,American Buffalo,7.031279,1996-09-13
4.0,6.5,Rendezvous in Paris,0.227128,1995-03-22
32.0,5.2,Alaska,2.318141,1996-08-14
49.0,5.2,Fled,3.906949,1996-07-19
60.0,3.6,Kazaam,8.962892,1996-07-17
35.0,5.4,Larger Than Life,3.521921,1996-10-31
2.0,6.0,A Boy Called Hate,1.56604,1996-05-22
1.0,4.0,Power 98,0.926867,1996-05-17
2.0,7.0,Two Deaths,0.145092,1995-09-10
42.0,5.8,A Very Brady Sequel,9.898696,1996-08-23
1.0,6.0,Stefano Quantestorie,0.036699,1993-05-26
8.0,7.4,Death in the Garden,1.116063,1956-09-21
25.0,6.5,La Collectionneuse,1.683348,1967-03-02
4.0,6.3,Kaspar Hauser,0.000578,1993-09-11
9.0,5.2,Regular Guys,1.165202,1996-05-30
1.0,4.0,Diebinnen,0.106345,1996-06-20
6.0,6.5,The Convent,1.606957,1995-09-06
55.0,5.0,The Adventures of Pinocchio,7.523528,1996-07-26
87.0,5.0,Joe's Apartment,9.490858,1996-07-26
172.0,6.5,The First Wives Club,10.177303,1996-09-20
10.0,7.2,Stonewall,0.940228,1995-10-01
482.0,6.4,Ransom,8.772188,1996-11-08
51.0,5.4,High School High,4.220058,1996-10-25
8.0,5.4,Phat Beach,0.879852,1996-08-02
30.0,6.3,Foxfire,3.186891,1996-08-23
291.0,5.3,Chain Reaction,15.874491,1996-08-02
892.0,6.9,Matilda,10.034915,1996-08-02
152.0,6.7,Emma,6.593011,1996-08-02
119.0,5.2,The Crow: City of Angels,6.554679,1996-08-29
32.0,5.0,House Arrest,12.297782,1996-08-14
130.0,7.5,Eyes Without a Face,9.935891,1960-01-11
63.0,5.0,Bordello of Blood,3.450402,1996-08-16
1.0,7.0,Lotto Land,0.042365,1995-06-01
4.0,7.5,Flirt,1.663948,1995-09-14
1.0,5.0,The Big Squeeze,0.404501,1996-09-06
17.0,6.8,The Spitfire Grill,1.19589,1996-08-23
381.0,5.6,Escape from L.A.,12.229381,1996-08-09
97.0,6.6,Basquiat,4.797674,1996-08-09
152.0,5.9,Tin Cup,6.24966,1996-08-16
1.0,6.0,Dingo,0.124273,1991-06-02
12.0,6.4,The Ballad of Narayama,0.969254,1958-06-01
2.0,6.0,Every Other Weekend,0.629807,1990-08-28
1.0,6.0,Mille bolle blu,0.03537,1993-01-01
1.0,5.0,Crows and Sparrows,0.036478,1949-01-01
6024.0,8.5,The Godfather,41.109264,1972-03-14
34.0,6.1,Maybe... Maybe Not,8.593319,1994-10-05
9.0,6.3,Manny & Lo,1.143656,1996-01-22
10.0,6.4,Small Faces,0.90913,1996-04-05
203.0,6.9,Bound,12.449574,1996-09-13
17.0,4.9,Carpool,3.714049,1996-08-23
7.0,6.1,Death in Brunswick,0.913987,1990-11-08
13.0,6.1,Kansas City,5.130136,1996-08-16
48.0,4.7,Gone Fishin',2.289647,1997-05-30
2.0,4.0,Lover's Knot,0.14315,1996-07-12
2.0,4.0,Shadow of Angels,0.364246,1976-01-31
10.0,6.3,Killer: A Journal of Murder,0.705136,1996-09-06
3.0,5.2,Girls Town,0.635669,1996-08-21
3.0,7.7,Bye-Bye,0.109406,1995-08-30
130.0,5.8,The Relic,7.699967,1997-01-10
148.0,4.6,The Island of Dr. Moreau,12.725343,1996-08-23
28.0,5.3,First Kid,6.510437,1996-08-30
18.0,6.6,The Trigger Effect,9.028947,1996-08-30
2.0,5.0,Sweet Nothing,0.234665,1995-06-08
46.0,5.4,Bogus,2.523605,1996-09-06
164.0,5.4,Bulletproof,7.859132,1996-09-06
4.0,6.8,Talk of Angels,0.978989,1998-10-30
86.0,6.1,The Land Before Time III: The Time of the Great Giving,6.372442,1995-03-16
173.0,5.0,Halloween: The Curse of Michael Myers,8.768288,1995-09-29
22.0,7.0,Twelfth Night,4.69668,1996-10-31
13.0,7.1,Mother Night,6.038784,1996-11-01
8.0,6.3,Liebelei,0.472479,1933-03-10
4.0,7.5,Venice,0.14713,2010-05-25
18.0,7.4,Wild Reeds,2.115268,1994-05-05
41.0,6.1,For Whom the Bell Tolls,14.373861,1943-07-12
196.0,7.7,The Philadelphia Story,8.888069,1940-12-05
747.0,7.9,Singin' in the Rain,11.064858,1952-04-10
133.0,6.9,An American in Paris,5.565203,1951-08-08
162.0,7.0,Funny Face,5.461487,1957-02-13
1082.0,7.6,Breakfast at Tiffany's,10.879289,1961-10-05
1162.0,8.0,Vertigo,18.20822,1958-05-09
1531.0,8.2,Rear Window,17.911314,1954-08-01
283.0,7.7,It Happened One Night,6.465257,1934-02-22
73.0,7.2,Gaslight,14.545058,1944-05-04
17.0,7.2,The Gay Divorcee,2.863935,1934-10-12
1062.0,7.8,North by Northwest,12.410427,1959-07-07
498.0,8.1,The Apartment,11.994281,1960-06-15
835.0,8.0,Some Like It Hot,11.845107,1959-03-18
351.0,7.7,Charade,7.098731,1963-12-05
1462.0,7.9,Casablanca,13.916101,1942-11-26
435.0,7.8,The Maltese Falcon,5.782544,1941-11-18
361.0,7.4,My Fair Lady,12.494394,1964-10-21
284.0,7.4,Sabrina,7.359741,1954-09-28
502.0,7.8,Roman Holiday,11.954806,1953-09-02
22.0,7.0,The Little Princess,5.640722,1939-03-17
66.0,6.8,Meet Me in St. Louis,7.331511,1944-11-23
1689.0,7.4,The Wizard of Oz,22.064932,1939-08-15
995.0,7.7,Gone with the Wind,14.240357,1939-12-15
35.0,7.1,My Favorite Year,2.923672,1982-10-01
533.0,8.2,Sunset Boulevard,11.709777,1950-08-10
1244.0,8.0,Citizen Kane,15.811921,1941-04-30
3075.0,7.9,2001: A Space Odyssey,22.494622,1968-04-10
3.0,4.8,Golden Earrings,0.949155,1947-08-27
367.0,8.0,All About Eve,12.06308,1950-11-09
26.0,6.4,The Women,5.076649,1939-01-01
346.0,7.7,Rebecca,8.590813,1940-04-12
86.0,7.0,Foreign Correspondent,9.955445,1940-08-16
345.0,7.8,Notorious,10.135111,1946-08-15
166.0,7.3,Spellbound,5.47596,1945-12-28
101.0,7.1,An Affair to Remember,9.813419,1957-07-11
299.0,7.1,To Catch a Thief,5.490505,1955-08-03
43.0,6.6,Father of the Bride,2.469167,1950-06-16
46.0,7.1,The Band Wagon,3.573935,1953-08-07
77.0,7.3,Ninotchka,5.120036,1939-10-06
55.0,7.3,Love in the Afternoon,8.196679,1957-06-30
68.0,6.1,Gigi,10.36311,1958-04-15
11.0,6.6,The Reluctant Debutante,1.954175,1958-01-01
170.0,7.6,The Adventures of Robin Hood,10.685036,1938-05-13
39.0,7.1,The Mark of Zorro,7.431939,1940-11-08
173.0,7.6,Laura,9.884516,1944-10-11
59.0,7.3,The Ghost and Mrs. Muir,3.008607,1947-06-26
42.0,6.8,Lost Horizon,3.166544,1937-09-01
62.0,7.4,Top Hat,7.122093,1935-09-06
119.0,7.7,To Be or Not to Be,7.274948,1942-03-05
69.0,7.7,My Man Godfrey,5.480098,1936-09-17
169.0,7.5,Giant,10.864284,1956-10-10
163.0,7.5,East of Eden,6.42883,1955-03-09
97.0,7.4,The Thin Man,10.573867,1934-05-25
171.0,7.5,His Girl Friday,9.88321,1940-01-18
85.0,6.5,Around the World in Eighty Days,6.164226,1956-10-17
1103.0,8.0,It's a Wonderful Life,15.031588,1946-12-20
245.0,7.9,Mr. Smith Goes to Washington,8.168694,1939-10-19
201.0,7.6,Bringing Up Baby,6.60577,1938-02-18
23.0,6.4,Penny Serenade,2.446972,1941-04-24
7.0,5.0,Lady of Burlesque,0.264695,1943-06-01
26.0,6.4,Of Human Bondage,1.831221,1934-07-20
6.0,5.7,Angel on My Shoulder,0.594433,1946-09-20
13.0,6.6,Little Lord Fauntleroy,4.709847,1936-03-06
8.0,5.6,They Made Me a Criminal,1.758391,1939-01-28
17.0,6.2,The Inspector General,0.896505,1949-12-31
27.0,6.6,Angel and the Badman,8.08426,1947-02-15
217.0,7.4,The 39 Steps,5.865697,1935-06-01
14.0,5.2,A Walk in the Sun,8.85591,1945-12-25
16.0,4.9,The Outlaw,1.450989,1943-02-05
591.0,7.5,Night of the Living Dead,14.384198,1968-10-01
232.0,7.4,The African Queen,6.636872,1951-12-03
31.0,6.2,Beat the Devil,2.001733,1953-11-24
168.0,7.6,Cat on a Hot Tin Roof,11.794846,1958-02-17
9.0,5.1,The Last Time I Saw Paris,0.912955,1954-01-01
52.0,7.3,Meet John Doe,10.750619,1941-03-12
6.0,5.8,Algiers,0.348765,1938-06-28
2.0,3.8,Something to Sing About,0.367546,1937-09-30
29.0,6.2,A Farewell to Arms,1.914697,1932-12-08
1.0,6.0,Moonlight Murder,0.283269,1936-03-27
1.0,4.0,Nothing Personal,0.064512,1996-10-18
8.0,5.0,Dangerous Ground,1.463219,1997-02-12
19.0,6.7,Picnic,8.500509,1955-11-18
2.0,5.3,The Pompatus of Love,0.537795,1996-07-26
114.0,6.6,Fly Away Home,5.511155,1996-09-13
6.0,4.8,Bliss,1.262649,1997-04-14
15.0,6.5,Grace of My Heart,9.364418,1996-09-13
6.0,6.8,Brother of Sleep,0.751733,1995-09-08
104.0,5.3,Maximum Risk,7.370163,1996-09-13
98.0,6.8,Michael Collins,6.728199,1996-10-25
11.0,4.9,The Rich Man's Wife,6.746475,1996-09-13
45.0,6.8,Big Night,2.702973,1996-09-20
263.0,6.2,Last Man Standing,11.845918,1996-09-20
5.0,6.5,Caught,1.625873,1996-01-24
66.0,6.9,Set It Off,6.85606,1996-11-06
73.0,5.9,2 Days in the Valley,4.989276,1996-09-11
29.0,6.2,Curdled,2.781581,1996-09-06
3.0,6.0,L'associé,0.000308,1979-08-22
1.0,3.0,Ed's Next Move,0.550278,1996-10-18
80.0,5.7,Extreme Measures,4.990506,1996-09-27
102.0,4.7,The Glimmer Man,5.918737,1996-10-04
99.0,5.3,D3: The Mighty Ducks,5.511475,1996-10-04
62.0,5.9,The Chamber,3.998494,1996-10-11
34.0,6.6,The Apple Dumpling Gang,4.040945,1975-07-01
14.0,5.9,"Davy Crockett, King of the Wild Frontier",5.497359,1955-05-25
60.0,6.5,Escape to Witch Mountain,7.151691,1975-03-21
126.0,6.0,The Love Bug,10.091707,1968-12-22
77.0,5.9,Herbie Rides Again,4.914603,1974-02-14
68.0,7.0,Old Yeller,12.887829,1957-12-25
92.0,6.8,The Parent Trap,5.807074,1961-06-12
50.0,6.9,Pollyanna,3.254308,1960-05-19
218.0,6.6,Homeward Bound: The Incredible Journey,7.186506,1993-02-03
22.0,6.2,The Shaggy Dog,3.404213,1959-03-19
88.0,7.0,Swiss Family Robinson,4.623089,1960-12-21
28.0,6.4,That Darn Cat!,2.803679,1965-12-02
160.0,6.9,"20,000 Leagues Under the Sea",8.722406,1954-12-23
510.0,6.8,Cool Runnings,8.30721,1993-09-30
124.0,5.7,Angels in the Outfield,10.892812,1994-07-15
1760.0,6.8,Cinderella,14.436858,1950-03-04
20.0,7.8,Winnie the Pooh and the Blustery Day,1.054814,1968-12-20
108.0,6.2,The Three Caballeros,8.702472,1944-07-21
935.0,6.9,The Sword in the Stone,10.636458,1963-12-25
5.0,6.3,So Dear to My Heart,0.901443,1948-11-29
937.0,6.6,Robin Hood: Prince of Thieves,10.639244,1991-06-14
1217.0,7.4,Mary Poppins,15.11549,1964-08-27
1206.0,6.8,Dumbo,14.655879,1941-10-22
201.0,6.4,Pete's Dragon,7.644722,1977-11-03
260.0,6.8,Bedknobs and Broomsticks,10.362012,1971-10-07
1557.0,7.0,Alice in Wonderland,16.488937,1951-07-03
884.0,7.0,The Fox and the Hound,10.197106,1981-07-10
95.0,6.5,Freeway,7.088533,1996-08-23
966.0,7.4,The Sound of Music,9.06773,1965-03-02
4005.0,7.5,Die Hard,16.640522,1988-07-15
198.0,5.4,The Lawnmower Man,6.685948,1992-03-05
11.0,6.2,Unhook the Stars,5.52185,1996-09-04
7.0,5.0,The Secret Agent,2.943911,1996-11-08
127.0,7.1,Secrets & Lies,11.223572,1996-05-24
230.0,6.8,That Thing You Do!,8.685761,1996-10-04
13.0,5.1,To Gillian on Her 37th Birthday,3.263681,1996-10-18
21.0,5.3,Surviving Picasso,2.167132,1996-09-04
2.0,5.5,Love Is All There Is,0.453988,1996-05-10
76.0,7.3,Beautiful Thing,5.766163,1996-06-21
323.0,6.4,The Long Kiss Goodnight,14.482345,1996-10-11
238.0,6.4,The Ghost and the Darkness,10.789928,1996-10-11
33.0,6.9,Looking for Richard,2.653817,1996-10-11
51.0,6.7,Trees Lounge,3.464286,1996-10-11
8.0,6.8,Normal Life,0.881187,1996-01-26
11.0,7.0,Get on the Bus,5.230661,1996-10-16
12.0,4.0,Shadow Conspiracy,3.733574,1997-01-31
38.0,6.6,Jude,3.379677,1996-02-06
149.0,6.5,Everyone Says I Love You,9.649113,1996-12-06
3.0,6.3,Bitter Sugar,0.401227,1996-02-10
1406.0,6.7,Romeo + Juliet,11.774061,1996-10-31
255.0,6.8,Swingers,6.578025,1996-10-18
729.0,7.3,Sleepers,9.198283,1996-10-18
6.0,6.0,Johns,0.271674,1996-12-10
494.0,6.1,Aladdin and the King of Thieves,8.654244,1996-05-20
3.0,5.2,The Woman in Question,0.757337,1952-02-18
22.0,7.9,Shall We Dance,3.786353,1937-05-07
4.0,7.0,A Damsel in Distress,1.685981,1937-11-19
26.0,6.1,Crossfire,3.770441,1947-07-22
48.0,7.2,"Murder, My Sweet",3.433265,1944-12-09
8.0,5.6,Macao,1.715751,1952-04-30
3.0,7.4,For the Moment,0.347124,1993-10-01
826.0,7.4,Willy Wonka & the Chocolate Factory,12.416635,1971-06-29
2.0,5.0,The Sexual Life of the Belgians,0.297781,1994-01-28
126.0,7.5,The Innocents,7.667964,1961-12-25
206.0,7.0,Sleeper,6.048904,1973-12-17
167.0,6.7,Bananas,4.331819,1971-04-28
576.0,7.1,A Fish Called Wanda,11.400353,1988-07-15
1230.0,7.7,Life of Brian,10.714173,1979-08-17
89.0,6.9,Victor/Victoria,5.378996,1982-04-25
39.0,6.9,The Candidate,11.862375,1972-08-23
64.0,7.2,The Great Race,4.473327,1965-07-01
384.0,7.6,Bonnie and Clyde,12.109198,1967-07-18
25.0,6.0,The Old Man and the Sea,1.728104,1958-10-07
539.0,7.9,Dial M for Murder,7.853231,1954-05-29
3.0,4.8,Madame Butterfly,0.1489,1995-11-22
1371.0,7.1,Dirty Dancing,14.044122,1987-08-21
3821.0,8.1,Reservoir Dogs,12.22034,1992-09-02
1236.0,7.5,Platoon,18.206972,1986-12-18
255.0,6.4,Weekend at Bernie's,8.051891,1989-07-05
869.0,6.5,Basic Instinct,16.628427,1992-03-20
285.0,6.7,The Doors,7.829619,1991-03-01
180.0,6.9,The Crying Game,7.404329,1992-09-02
330.0,7.5,Glengarry Glen Ross,6.792215,1992-09-15
149.0,7.4,Sophie's Choice,15.417202,1982-12-08
3359.0,7.3,E.T. the Extra-Terrestrial,19.358546,1982-04-03
4.0,6.3,The Search for One-eye Jimmy,0.617014,1994-11-14
34.0,7.0,A Christmas Carol,1.896952,1938-12-16
359.0,5.9,Days of Thunder,7.046753,1990-06-27
1736.0,6.7,Top Gun,20.301019,1986-05-16
5.0,6.8,American Strays,0.51063,1996-09-12
351.0,7.6,Rebel Without a Cause,10.968169,1955-10-27
291.0,7.6,A Streetcar Named Desire,7.301719,1951-09-18
41.0,4.6,Children of the Corn IV: The Gathering,7.97048,1996-10-08
61.0,7.7,Microcosmos,10.793031,1996-05-20
7.0,5.4,Palookaville,1.669597,1995-09-07
49.0,6.2,The Associate,3.277612,1996-10-25
31.0,7.3,The Funeral,2.772039,1996-01-26
1.0,8.0,The Sleepover,0.135596,2013-10-12
8.0,6.8,A Single Girl,1.813577,1995-05-29
56.0,7.0,The Eighth Day,2.887239,1996-01-01
3.0,5.2,North Star,2.753163,1996-01-03
257.0,6.8,The People vs. Larry Flynt,9.178371,1996-10-12
15.0,5.8,Glory Daze,10.738755,1995-10-01
2.0,5.3,A Perfect Candidate,0.112669,1996-06-19
101.0,7.3,On Golden Pond,12.252186,1981-12-04
138.0,6.7,The Return of the Pink Panther,6.501177,1975-05-21
107.0,5.9,Drop Dead Fred,7.88101,1991-04-19
822.0,7.1,The Abyss,9.809585,1989-08-09
318.0,6.4,The Fog,9.194572,1980-02-08
720.0,6.9,Escape from New York,10.124544,1981-05-22
165.0,6.4,The Howling,6.715512,1981-04-03
113.0,7.6,Jean de Florette,4.883274,1986-08-27
103.0,7.8,Manon of the Spring,5.939394,1986-11-19
3.0,6.3,Johnny 100 Pesos,0.149107,1993-01-01
103.0,6.0,Private Benjamin,11.431866,1980-10-06
1742.0,7.8,Monty Python and the Holy Grail,10.43389,1975-03-13
12.0,6.8,Hustler White,1.068288,1996-07-19
1.0,8.0,Dadetown,0.037353,1995-09-02
1.0,4.0,Everything Relative,0.104276,1996-09-13
1.0,5.0,Entertaining Angels - The Dorothy Day Story,0.051135,1996-09-27
5.0,8.0,Three Lives and Only One Death,1.163947,1996-05-15
54.0,7.3,When We Were Kings,3.60795,1996-10-25
266.0,7.6,The Wrong Trousers,7.771233,1993-12-17
3.0,7.7,JLG/JLG: Self-Portrait in December,0.441965,1995-03-08
22.0,6.7,The Return of Martin Guerre,1.233692,1982-05-12
17.0,6.4,He Walked by Night,2.3353,1948-11-24
19.0,7.2,Raw Deal,10.091381,1948-05-26
15.0,6.4,T-Men,4.237738,1947-12-15
11.0,7.2,The Children Are Watching Us,0.412633,1944-10-27
3.0,4.7,Pastoral Symphony,0.206154,1946-09-26
1.0,8.0,Here Comes Cookie,0.083133,1935-09-10
2.0,3.5,Six of a Kind,0.52878,1934-02-09
93.0,7.0,The Tin Drum,5.614456,1979-05-02
29.0,6.8,The Ruling Class,2.186663,1972-09-13
3.0,4.8,Mina Tannenbaum,0.400813,1994-03-02
33.0,7.0,2 or 3 Things I Know About Her,7.273791,1967-03-17
17.0,5.1,Dear God,1.952957,1996-11-01
33.0,5.7,Bad Moon,2.661026,1996-11-01
2.0,6.0,American Dream,0.075885,1990-09-28
13.0,5.8,Best of the Best 3: No Turning Back,1.567945,1995-05-17
44.0,6.5,Bob Roberts,3.041772,1992-09-04
834.0,8.2,Cinema Paradiso,14.177005,1988-11-17
137.0,7.3,"The Cook, the Thief, His Wife & Her Lover",5.970136,1989-09-10
9.0,5.6,Dead Tired,0.665616,1994-05-18
320.0,7.4,Delicatessen,12.565447,1991-04-17
154.0,7.3,The Double Life of Veronique,9.661817,1991-05-15
25.0,6.9,Enchanted April,2.400185,1991-11-06
565.0,8.2,Paths of Glory,8.548518,1957-09-18
112.0,6.5,The Grifters,10.809693,1990-09-14
4.0,4.1,Hear My Song,0.003977,1991-12-27
1.0,5.0,The Shooter,0.112249,1997-10-23
559.0,7.0,The English Patient,15.564161,1996-11-14
157.0,7.4,Mediterraneo,5.557759,1991-01-31
208.0,7.5,My Left Foot: The Story of Christy Brown,5.841931,1989-07-21
188.0,6.7,"Sex, Lies, and Videotape",12.293656,1989-08-18
7.0,6.7,Passion Fish,5.367604,1992-12-11
83.0,6.2,Strictly Ballroom,3.233531,1992-08-20
109.0,7.9,The Thin Blue Line,5.070224,1988-08-28
102.0,7.0,Tie Me Up! Tie Me Down!,10.788319,1989-12-12
32.0,6.3,Madonna: Truth or Dare,1.325299,1991-05-10
67.0,8.2,Paris is Burning,4.101295,1990-03-13
3001.0,8.3,One Flew Over the Cuckoo's Nest,35.529554,1975-11-18
201.0,6.7,Up in Smoke,7.194364,1978-01-01
5998.0,8.2,The Empire Strikes Back,19.470959,1980-05-17
1518.0,7.6,The Princess Bride,15.15267,1987-09-18
3949.0,7.7,Raiders of the Lost Ark,19.901576,1981-06-12
877.0,7.6,Brazil,9.837287,1985-02-20
3282.0,7.7,Aliens,21.761179,1986-07-18
2371.0,8.1,"The Good, the Bad and the Ugly",16.788787,1966-12-23
173.0,7.4,Withnail & I,14.316459,1987-01-01
2130.0,8.2,12 Angry Men,16.503959,1957-03-25
870.0,7.8,Lawrence of Arabia,10.893332,1962-12-10
3432.0,8.0,A Clockwork Orange,17.112594,1971-12-18
676.0,7.9,To Kill a Mockingbird,14.284787,1962-12-25
2112.0,8.0,Apocalypse Now,13.5963,1979-08-15
1160.0,8.1,Once Upon a Time in the West,15.589351,1968-12-21
4763.0,7.9,Return of the Jedi,14.586087,1983-05-23
256.0,7.5,Wings of Desire,6.357321,1987-01-01
431.0,7.9,The Third Man,8.513889,1949-08-31
3211.0,8.2,GoodFellas,15.424092,1990-09-12
4564.0,7.9,Alien,23.37742,1979-05-25
852.0,7.3,Army of Darkness,10.704612,1992-10-09
364.0,7.6,The Big Blue,13.503815,1988-05-11
349.0,7.9,Ran,12.250232,1985-06-01
2405.0,8.3,Psycho,36.826309,1960-06-16
1092.0,7.5,The Blues Brothers,10.076901,1980-06-17
3418.0,8.3,The Godfather: Part II,36.629307,1974-12-20
2595.0,7.9,Full Metal Jacket,13.94148,1987-06-26
199.0,7.4,A Grand Day Out,7.617298,1990-05-18
73.0,7.4,Henry V,7.307967,1989-10-05
1107.0,7.8,Amadeus,12.677592,1984-10-26
118.0,7.3,The Quiet Man,8.762386,1952-07-21
1104.0,8.3,Once Upon a Time in America,32.182851,1984-02-16
968.0,7.7,Raging Bull,8.868558,1980-11-14
1044.0,7.8,Annie Hall,18.146043,1977-04-19
241.0,7.4,The Right Stuff,14.902397,1983-10-20
623.0,7.9,Das Boot,8.80338,1981-09-16
639.0,7.9,The Sting,12.016821,1973-12-25
266.0,7.7,Harold and Maude,10.878112,1971-12-20
24.0,6.5,Trust,4.085688,1990-09-09
81.0,7.0,Local Hero,10.636074,1983-02-17
4208.0,7.4,The Terminator,19.293562,1984-10-26
388.0,7.4,Braindead,13.645568,1992-08-13
391.0,7.4,Glory,7.521346,1989-12-15
75.0,7.3,Rosencrantz & Guildenstern Are Dead,5.088457,1991-02-08
600.0,7.8,Manhattan,12.050759,1979-04-25
431.0,7.5,Miller's Crossing,7.495853,1990-09-21
2786.0,8.1,Dead Poets Society,19.905716,1989-06-02
855.0,7.6,The Graduate,12.057829,1967-12-21
292.0,7.6,Touch of Evil,9.665347,1958-04-23
511.0,7.0,La Femme Nikita,6.586401,1990-02-21
554.0,7.7,The Bridge on the River Kwai,8.851646,1957-10-02
427.0,7.9,8½,6.747516,1963-02-14
939.0,7.9,Chinatown,12.29227,1974-06-20
323.0,7.3,The Day the Earth Stood Still,9.360003,1951-09-17
285.0,7.9,The Treasure of the Sierra Madre,8.070589,1948-01-24
196.0,6.4,Bad Taste,7.409599,1987-12-01
170.0,7.6,Duck Soup,6.819957,1933-11-17
164.0,6.8,Better Off Dead...,8.994189,1985-10-11
3890.0,8.1,The Shining,19.611589,1980-05-22
1568.0,7.8,Stand by Me,15.206957,1986-08-22
465.0,8.0,M,12.752421,1931-05-11
760.0,7.5,Evil Dead II,13.520764,1987-03-13
731.0,7.8,The Great Escape,14.384114,1963-06-20
943.0,7.8,The Deer Hunter,7.729445,1978-12-08
37.0,6.7,Diva,2.211854,1981-03-11
2358.0,7.4,Groundhog Day,12.989627,1993-02-11
1133.0,7.7,Unforgiven,10.942149,1992-08-07
188.0,7.7,The Manchurian Candidate,7.991677,1962-10-24
86.0,7.0,Pump up the Volume,4.289341,1990-08-22
234.0,7.4,Arsenic and Old Lace,13.99011,1944-09-23
6239.0,8.0,Back to the Future,25.778509,1985-07-03
298.0,7.6,Fried Green Tomatoes,6.584254,1991-12-27
327.0,7.3,Patton,14.382289,1970-01-25
149.0,7.2,Down by Law,8.843551,1986-05-01
792.0,7.8,Akira,10.888917,1988-07-16
642.0,6.8,Highlander,16.870392,1986-03-07
390.0,7.7,Cool Hand Luke,9.718713,1967-06-22
131.0,6.8,Cyrano de Bergerac,5.0399,1990-03-28
880.0,7.7,Young Frankenstein,9.339316,1974-12-15
165.0,7.5,Night on Earth,8.291886,1991-10-03
756.0,8.1,The Great Dictator,9.241748,1940-10-15
831.0,7.2,Fantasia,8.03796,1940-11-13
343.0,7.6,High Noon,16.715935,1952-03-27
244.0,7.6,The Big Sleep,6.987617,1946-08-23
387.0,7.3,Heathers,13.311827,1988-10-01
104.0,7.1,Somewhere in Time,5.429213,1980-10-02
660.0,7.5,Ben-Hur,14.319743,1959-12-26
413.0,7.6,This Is Spinal Tap,13.981499,1984-05-04
140.0,7.7,Koyaanisqatsi,8.802715,1982-06-06
104.0,6.9,Some Kind of Wonderful,10.208658,1987-02-27
3221.0,7.6,Indiana Jones and the Last Crusade,14.788987,1989-05-24
243.0,7.7,Being There,12.320636,1979-12-19
730.0,7.4,Gandhi,12.383755,1982-11-30
89.0,7.0,The Unbearable Lightness of Being,6.815147,1988-02-05
164.0,6.9,A Room with a View,6.175166,1985-12-13
121.0,6.6,Real Genius,11.959887,1985-08-07
363.0,7.7,Pink Floyd: The Wall,6.773407,1982-07-14
180.0,7.5,The Killing Fields,11.460364,1984-11-02
238.0,7.2,Forbidden Planet,6.379966,1956-03-15
383.0,7.1,Field of Dreams,16.759454,1989-04-21
148.0,7.6,The Man Who Would Be King,6.189816,1975-12-03
659.0,7.4,Butch Cassidy and the Sundance Kid,6.714577,1969-09-23
282.0,7.7,"Paris, Texas",11.635837,1984-05-19
45.0,6.3,Until the End of the World,2.14652,1991-09-12
974.0,7.3,When Harry Met Sally...,8.34322,1989-07-21
1.0,5.0,Parallel Sons,0.264398,1995-01-01
12.0,6.8,Hype!,3.465337,1996-11-08
20.0,3.5,Santa with Muscles,7.378936,1996-11-08
10.0,5.4,Female Perversions,2.273475,1996-01-22
12.0,6.2,Mad Dog Time,0.768894,1996-11-08
1.0,7.0,Paris Was a Woman,0.036471,1996-02-19
8.0,6.2,I'm Not Rappaport,0.659056,1996-12-24
13.0,3.6,Blue Juice,2.199462,1995-09-15
1664.0,6.2,Alien³,17.126768,1992-05-22
571.0,7.2,An American Werewolf in London,13.390802,1981-08-21
21.0,4.1,Amityville: It's About Time,2.418256,1992-07-16
40.0,4.0,Amityville 3-D,7.893775,1983-11-18
17.0,3.5,Amityville: Dollhouse,2.357522,1996-10-02
17.0,2.8,Amityville: A New Generation,6.401828,1993-09-29
59.0,5.9,Amityville II: The Possession,12.10181,1982-09-24
192.0,6.2,The Amityville Horror,14.00318,1979-07-27
19.0,2.7,The Amityville Curse,2.416489,1989-12-01
22.0,5.8,Blood for Dracula,1.825571,1974-08-13
74.0,5.8,April Fool's Day,10.301342,1986-03-27
34.0,5.8,Audrey Rose,5.862098,1977-04-06
39.0,6.2,The Believers,3.321608,1987-06-09
959.0,7.3,The Birds,11.591462,1963-03-28
147.0,6.2,The Blob,7.079055,1958-09-12
18.0,4.9,Blood Beach,2.232045,1980-09-01
24.0,5.6,Body Parts,3.518972,1991-08-02
47.0,6.8,The Body Snatcher,2.257383,1945-05-25
1087.0,7.1,Dracula,16.777675,1992-11-13
208.0,7.4,Bride of Frankenstein,7.000417,1935-04-21
58.0,6.6,Burnt Offerings,2.877095,1976-10-18
303.0,6.2,Candyman,12.721362,1992-10-16
692.0,7.0,Cape Fear,10.302735,1991-11-15
125.0,7.2,Cape Fear,7.583191,1962-04-12
977.0,7.0,Carrie,9.277692,1976-11-03
97.0,6.0,Cat People,6.126046,1982-04-02
1212.0,7.2,A Nightmare on Elm Street,13.694713,1984-11-14
2.0,8.5,Vampire in Venice,0.952127,1988-09-15
485.0,7.2,The Omen,16.641277,1976-06-06
34.0,5.5,Blood and Wine,8.409956,1996-10-03
45.0,5.6,Albino Alligator,2.363293,1996-09-09
47.0,6.5,The Mirror Has Two Faces,4.803721,1996-11-15
104.0,6.2,Nightwatch,6.122067,1997-01-31
671.0,7.0,Star Trek: First Contact,8.808497,1996-11-21
136.0,7.3,Shine,11.664053,1996-01-21
236.0,7.4,Sling Blade,9.475693,1996-08-30
583.0,5.5,Jingle All the Way,7.898202,1996-11-15
15.0,5.8,Identification of a Woman,1.350133,1982-10-21
38.0,7.9,Paradise Lost: The Child Murders at Robin Hood Hills,1.686358,1996-12-03
55.0,5.4,The Preacher's Wife,4.182641,1996-12-13
30.0,7.4,Ridicule,10.879283,1996-05-09
134.0,6.7,The Crucible,9.412825,1996-11-27
722.0,5.6,101 Dalmatians,11.470748,1996-11-17
2.0,5.5,The Forbidden Christ,0.521422,1951-06-08
1.0,5.0,I Can't Sleep,0.318366,1994-05-18
1920.0,6.6,Die Hard 2,18.785984,1990-07-02
541.0,6.2,Star Trek: The Motion Picture,8.277765,1979-12-06
421.0,6.7,Star Trek VI: The Undiscovered Country,5.90057,1991-12-05
384.0,5.6,Star Trek V: The Final Frontier,12.308007,1989-06-09
688.0,7.3,Star Trek II: The Wrath of Khan,7.160236,1982-06-03
443.0,6.4,Star Trek III: The Search for Spock,6.197298,1984-05-31
490.0,6.9,Star Trek IV: The Voyage Home,12.596956,1986-11-25
1706.0,6.6,Batman Returns,15.001681,1992-06-19
262.0,6.6,Young Guns,9.905174,1988-08-12
165.0,6.3,Young Guns II,11.977636,1990-08-01
1633.0,7.2,Grease,7.854899,1978-07-07
185.0,4.9,Grease 2,14.202364,1982-06-11
100.0,5.6,Marked for Death,5.845712,1990-10-05
19.0,3.9,Adrenalin: Fear the Rush,0.782292,1996-11-29
1.0,6.0,The Substance of Fire,0.757322,1996-09-11
405.0,6.1,Under Siege,9.918269,1992-10-08
13.0,7.1,Terror in a Texas Town,0.83621,1958-09-01
2628.0,7.5,Jaws,19.726114,1975-06-18
412.0,5.9,Jaws 2,11.21306,1978-06-16
266.0,4.2,Jaws 3-D,16.603041,1983-03-16
46.0,6.3,My Fellow Americans,3.863894,1996-12-20
1544.0,6.1,Mars Attacks!,15.63424,1996-12-12
27.0,6.8,Citizen Ruth,2.225234,1996-12-13
941.0,6.7,Jerry Maguire,11.807601,1996-12-06
548.0,7.2,Raising Arizona,14.011415,1987-03-01
38.0,6.8,Tin Men,6.477975,1987-03-06
301.0,6.7,Sneakers,7.207325,1992-09-09
19.0,7.3,Bastard Out of Carolina,1.403309,1996-12-15
28.0,6.0,In Love and War,2.369637,1996-12-18
130.0,6.6,Marvin's Room,5.307984,1996-12-18
40.0,6.2,Ghosts of Mississippi,15.50082,1996-12-20
24.0,6.6,Night Falls on Manhattan,1.626239,1996-10-22
169.0,6.5,Beavis and Butt-Head Do America,8.855685,1996-12-15
40.0,7.0,La Cérémonie,3.095894,1995-08-30
1520.0,7.0,Scream,13.326443,1996-12-20
747.0,7.1,The Last of the Mohicans,15.228794,1992-09-25
174.0,5.5,Michael,9.473162,1996-12-25
18.0,5.8,The Evening Star,8.399114,1996-12-25
118.0,7.3,Hamlet,9.994088,1996-12-25
6.0,7.0,Some Mother's Son,0.332582,1996-12-25
9.0,6.4,The Whole Wide World,7.94599,1996-12-20
19.0,6.8,Mother,7.860965,1996-12-25
5.0,7.0,Thieves,0.365078,1996-08-21
122.0,5.9,Evita,6.709803,1996-12-14
46.0,6.3,The Portrait of a Lady,4.13905,1996-10-18
111.0,7.4,Walkabout,10.177086,1971-07-01
4.0,6.4,Message to Love: The Isle of Wight Festival,0.330752,1996-02-15
130.0,5.8,Murder at 1600,8.428986,1997-04-18
95.0,6.0,Fierce Creatures,11.036729,1997-01-24
16.0,4.2,Zeus & Roxanne,1.034602,1997-01-24
63.0,5.2,Turbulence,5.304043,1997-01-09
3.0,7.7,Angel Baby,0.775616,1995-09-09
1.0,6.0,Underworld,0.005555,1996-06-01
176.0,5.5,Beverly Hills Ninja,12.16305,1997-01-17
136.0,5.3,Metro,10.519481,1997-01-16
2.0,4.5,The Machine,0.935473,1994-05-28
4.0,6.1,Falling in Love Again,0.462729,1980-11-21
23.0,7.2,The Cement Garden,15.975485,1993-02-20
445.0,5.8,Dante's Peak,7.240753,1997-02-07
47.0,5.0,Amos & Andrew,3.941294,1993-03-05
220.0,6.9,Benny & Joon,10.597116,1993-04-16
21.0,6.7,Prefontaine,2.93818,1997-01-24
3.0,8.0,Guantanamera,0.496315,1995-01-01
27.0,4.4,McHale's Navy,2.705804,1997-04-18
55.0,6.8,Gridlock'd,10.575081,1997-01-29
66.0,7.4,Waiting for Guffman,8.130999,1996-01-31
53.0,5.2,The Beautician and the Beast,7.566377,1997-02-07
32.0,6.4,SubUrbia,8.67935,1996-02-07
2.0,4.3,Hotel de Love,0.228157,1996-12-19
35.0,5.0,The Pest,3.194883,1997-02-07
133.0,5.8,Fools Rush In,6.285574,1997-02-14
10.0,6.0,Touch,0.455272,1997-02-14
226.0,6.4,Absolute Power,7.66124,1997-02-14
11.0,3.9,That Darn Cat,1.496999,1997-02-14
175.0,6.0,Vegas Vacation,9.304901,1997-02-13
2.0,7.0,Unforgotten: Twenty-Five Years After Willowbrook,0.14057,1997-02-14
15.0,7.1,That Old Feeling,1.954656,1997-04-04
572.0,7.5,Lost Highway,8.449722,1997-01-15
31.0,6.7,Rosewood,2.899809,1997-02-21
1175.0,7.4,Donnie Brasco,12.201954,1997-02-27
4.0,3.3,Salut cousin !,0.15935,1996-11-20
29.0,5.6,Booty Call,2.543626,1997-02-26
8.0,6.3,Rhyme & Reason,0.915041,1997-03-04
1.0,5.0,Boys Life 2,0.060645,1997-03-07
14.0,5.6,City of Industry,1.922014,1997-03-14
8.0,5.6,Best Men,6.610419,1997-01-01
122.0,4.9,Jungle 2 Jungle,12.640569,1997-03-07
36.0,5.7,Kama Sutra - A Tale of Love,7.124652,1996-09-11
106.0,6.7,Private Parts,10.928417,1997-03-07
12.0,8.1,Love Jones,1.251862,1997-03-14
310.0,5.9,The Saint,10.97633,1997-04-03
61.0,6.6,Smilla's Sense of Snow,3.132331,1997-02-13
15.0,5.9,The Van,1.13412,1996-05-11
224.0,6.5,Crash,7.540612,1996-07-17
11.0,6.2,The Daytrippers,9.664735,1996-01-01
1456.0,6.4,Liar Liar,10.102471,1997-03-21
1.0,5.0,The Quiet Room,0.064705,1996-03-21
115.0,7.1,Selena,7.390306,1997-03-21
300.0,5.9,The Devil's Own,10.675073,1997-03-12
25.0,7.1,Cats Don't Dance,3.406836,1997-03-26
13.0,4.2,B.A.P.S.,1.56098,1997-03-28
9.0,5.8,Love and Other Catastrophes,0.915298,1996-08-01
60.0,4.6,Turbo: A Power Rangers Movie,5.436745,1997-03-27
26.0,6.4,Anna Karenina,5.660835,1997-04-04
163.0,4.4,Double Team,5.452961,1997-04-04
43.0,6.4,Inventing the Abbotts,5.063701,1997-04-04
624.0,4.8,Anaconda,14.386089,1997-04-11
278.0,6.9,Grosse Pointe Blank,7.556814,1997-04-11
5.0,4.9,Keys to Tulsa,1.323422,1997-04-11
21.0,7.0,Kissed,2.056754,1996-09-07
39.0,5.4,8 Heads in a Duffel Bag,5.666701,1997-04-18
6.0,6.8,Hollow Reed,0.261217,1996-06-24
21.0,6.2,Paradise Road,1.462139,1997-04-11
6.0,5.9,Traveller,2.166773,1997-04-18
15.0,5.9,All Over Me,4.06745,1997-02-15
1.0,8.0,A Brother's Kiss,0.92491,1997-04-25
2.0,3.5,A Chef in Love,0.631834,1996-06-06
160.0,6.0,Romy and Michele's High School Reunion,5.889414,1997-04-25
387.0,5.2,Volcano,13.147917,1997-04-25
9.0,5.3,Children of the Revolution,1.129648,1996-06-14
1033.0,6.5,Austin Powers: International Man of Mystery,11.749159,1997-05-02
202.0,6.6,Breakdown,7.926621,1997-05-02
2.0,7.0,Broken English,0.369118,1996-09-09
5.0,5.3,Commandments,0.225707,1997-05-02
4.0,4.0,Ripe,0.773608,1996-09-10
15.0,5.7,"Truth or Consequences, N.M.",2.26858,1997-01-01
9.0,4.7,Warriors of Virtue,0.719444,1997-05-02
77.0,5.1,Fathers' Day,5.295556,1997-05-09
3962.0,7.3,The Fifth Element,24.30526,1997-05-07
1.0,8.0,Intimate Relations,1.372838,1996-01-01
27.0,6.3,Nowhere,3.324489,1997-05-09
6.0,3.9,Losing Chase,0.901452,1996-08-18
7.0,5.0,Sprung,1.511388,1997-05-14
1.0,5.0,The Promise,0.122178,1995-02-16
21.0,7.0,Le Bonheur,0.792486,1965-02-10
10.0,5.7,Love! Valour! Compassion!,1.7442,1997-05-16
35.0,7.2,Shall We Dance?,1.963402,1996-01-27
5.0,3.2,The Second Jungle Book: Mowgli & Baloo,0.285487,1997-05-16
29.0,6.6,Twin Town,1.651546,1997-04-11
112.0,6.1,Addicted to Love,8.085194,1997-05-23
53.0,6.9,Brassed Off,3.117071,1996-11-01
2.0,8.0,The Designated Mourner,0.152272,1997-05-23
2528.0,6.2,The Lost World: Jurassic Park,0.788123,1997-05-23
11.0,7.5,Ponette,0.409967,1996-09-10
22.0,6.4,Schizopolis,2.438198,1996-09-13
17.0,5.7,Shiloh,2.89449,1996-11-30
7.0,6.3,Rough Magic,0.476919,1995-09-07
17.0,5.3,Trial and Error,2.683782,1997-05-30
13.0,3.9,Buddy,2.022706,1997-06-06
1289.0,6.5,Con Air,11.545982,1997-06-01
1.0,4.0,Late Bloomers,0.071497,1996-01-01
41.0,6.9,The Pillow Book,2.690319,1996-05-12
439.0,4.1,Speed 2: Cruise Control,11.268531,1997-06-13
1.0,6.0,Squeeze,0.321515,1997-06-06
1.0,6.0,Sudden Manhattan,0.344303,1996-10-11
2.0,5.5,Wedding Bell Blues,0.886134,1996-10-18
1447.0,4.2,Batman & Robin,17.038824,1997-06-20
10.0,7.7,Dream with the Fishes,0.684192,1997-01-01
4.0,6.3,Roseanna's Grave,1.081043,1997-03-06
39.0,5.8,Head Above Water,2.357791,1996-11-07
1741.0,7.3,Hercules,14.048694,1997-06-26
7.0,6.7,The Last Time I Committed Suicide,1.380375,1997-06-20
2.0,8.0,MURDER and murder,0.076975,1996-09-10
606.0,6.4,My Best Friend's Wedding,4.678572,1997-06-19
24.0,5.6,Tetsuo II: Body Hammer,2.018292,1992-01-01
16.0,6.1,When the Cat's Away,0.834917,1996-04-03
138.0,7.5,Contempt,7.543337,1963-10-21
1612.0,6.8,Face/Off,11.467391,1997-06-27
6.0,7.2,Fall,1.555954,1997-06-20
3.0,7.0,Mondo,0.311968,1995-06-01
3.0,8.0,For Ever Mozart,0.413422,1996-11-27
4521.0,6.9,Men in Black,15.781024,1997-07-02
20.0,5.8,Out to Sea,3.722389,1997-07-02
28.0,5.8,Wild America,7.477411,1997-07-02
46.0,5.5,A Simple Wish,3.354869,1997-07-11
1338.0,7.2,Contact,14.374866,1997-07-11
404.0,6.0,G.I. Jane,9.37934,1997-08-22
663.0,6.6,Conan the Barbarian,10.52008,1982-04-02
508.0,5.4,George of the Jungle,9.559685,1997-07-15
384.0,6.6,Cop Land,9.15931,1997-08-15
752.0,6.4,Event Horizon,11.335072,1997-08-15
344.0,5.0,Spawn,11.366417,1997-07-31
108.0,5.3,Air Bud,9.407128,1997-08-01
114.0,5.1,Picture Perfect,4.347079,1997-08-01
45.0,6.8,In the Company of Men,3.323672,1997-01-19
76.0,5.6,Free Willy 3: The Rescue,6.107833,1997-08-08
15.0,7.4,Career Girls,3.459251,1997-06-01
440.0,6.5,Conspiracy Theory,14.261798,1997-08-07
60.0,5.9,Desperate Measures,3.713996,1998-01-30
49.0,4.2,Steel,2.890462,1997-08-15
26.0,5.3,She's So Lovely,2.314911,1997-08-29
33.0,6.5,Hoodlum,2.384882,1997-08-27
20.0,5.2,Leave it to Beaver,1.635911,1997-08-22
255.0,5.7,Mimic,9.128905,1997-08-22
90.0,6.0,Money Talks,13.855037,1997-08-22
56.0,5.6,Excess Baggage,3.714997,1997-08-29
39.0,5.2,Kull the Conqueror,3.324195,1997-08-29
859.0,6.2,Air Force One,12.173291,1997-07-25
141.0,6.5,One Eight Seven,6.476493,1997-07-29
971.0,7.2,The Hunt for Red October,15.91126,1990-03-02
218.0,7.1,My Own Private Idaho,7.289727,1991-10-17
10.0,4.4,"Kiss Me, Guido",0.910655,1997-07-18
3.0,5.3,Star Maps,0.725694,1997-07-23
181.0,6.3,In & Out,9.949805,1997-09-10
359.0,6.8,The Edge,15.174973,1997-09-06
263.0,5.8,The Peacemaker,8.868114,1997-09-26
1340.0,7.7,L.A. Confidential,10.989442,1997-09-19
644.0,7.0,Seven Years in Tibet,11.483493,1997-09-12
353.0,6.2,Kiss the Girls,12.235391,1997-10-03
19.0,6.6,Soul Food,2.647781,1997-09-26
1.0,5.0,Kicked in the Head,0.07992,1997-09-26
114.0,5.6,Wishmaster,5.215107,1997-09-19
11.0,5.7,A Thousand Acres,0.82942,1997-09-17
1556.0,7.5,The Game,14.825587,1997-09-12
91.0,5.0,Fire Down Below,7.83099,1997-09-05
185.0,6.5,U Turn,7.923639,1997-10-03
3.0,3.8,The Locusts,0.53204,1997-10-03
18.0,6.1,The Matchmaker,3.742915,1997-10-03
41.0,6.6,The Assignment,4.233187,1997-09-28
6.0,3.2,A Smile Like Yours,2.507368,1997-08-27
19.0,6.5,Ulee's Gold,1.138972,1997-06-13
181.0,6.9,The Ice Storm,7.146352,1997-09-27
6.0,5.8,Stag,0.854723,1997-04-01
441.0,6.7,Chasing Amy,12.311564,1997-04-04
9.0,5.4,Def Jam's How to Be a Player,0.883889,1997-08-06
372.0,6.9,The Full Monty,8.333322,1997-08-13
45.0,6.6,Mrs Brown,3.883913,1997-07-18
698.0,5.6,I Know What You Did Last Summer,7.417157,1997-10-17
1414.0,7.2,The Devil's Advocate,10.920124,1997-10-17
36.0,5.4,RocketMan,5.345663,1997-10-10
26.0,5.6,Playing God,9.657642,1997-10-17
30.0,6.3,The House of Yes,3.974374,1997-10-10
8.0,8.3,"Fast, Cheap & Out of Control",2.117703,1997-10-03
5.0,7.4,Washington Square,1.301573,1997-10-10
6.0,6.3,Telling Lies In America,1.886677,1997-08-02
3.0,3.8,Year of the Horse,0.405805,1997-10-08
1846.0,7.5,Gattaca,12.89312,1997-09-07
25.0,6.2,FairyTale: A True Story,3.553746,1997-01-01
110.0,5.2,Phantoms,10.754614,1998-01-23
12.0,6.5,Swept from the Sea,9.688237,1998-01-23
130.0,6.2,A Life Less Ordinary,15.996171,1997-10-24
4.0,4.8,Hurricane Streets,0.629699,1997-01-21
29.0,6.3,Eve's Bayou,1.461772,1997-09-07
52.0,5.8,Switchback,3.742824,1997-10-31
32.0,6.5,Gang Related,2.592927,1997-10-08
253.0,6.5,Stripes,11.341505,1981-06-25
7.0,8.0,Nenette and Boni,0.551124,1997-01-29
602.0,6.3,Bean,12.799853,1997-07-03
16.0,5.2,Hugo Pool,2.44908,1997-01-01
81.0,5.9,Mad City,4.909738,1997-11-07
24.0,5.7,One Night Stand,2.818802,1997-11-14
5.0,6.4,The Tango Lesson,0.192391,1997-11-28
22.0,6.5,Welcome to Sarajevo,7.999793,1997-05-09
16.0,6.6,Deceiver,2.833853,1997-08-31
239.0,6.7,The Rainmaker,6.683398,1997-11-18
812.0,7.5,Boogie Nights,7.595679,1997-09-11
390.0,7.0,Witness,10.312017,1985-02-08
7.0,6.3,Incognito,0.961088,1997-11-14
1584.0,6.7,Starship Troopers,14.412644,1997-11-06
9.0,6.1,Critical Care,2.287762,1997-10-31
34.0,7.1,The Joy Luck Club,3.01386,1993-09-08
13.0,2.7,Chairman of the Board,1.422904,1998-03-13
363.0,6.6,Sliding Doors,9.7866,1998-04-23
225.0,3.8,Mortal Kombat: Annihilation,6.532498,1997-11-21
4702.0,7.8,The Truman Show,13.155901,1998-06-04
34.0,6.9,The Wings of the Dove,3.377578,1997-11-07
7.0,5.4,Mrs. Dalloway,1.335544,1997-09-01
79.0,5.9,Red Corner,3.288944,1997-10-30
536.0,6.1,The Jackal,11.131917,1997-11-14
1481.0,7.4,Anastasia,11.911173,1997-11-20
126.0,6.5,The Man Who Knew Too Little,4.827771,1997-11-14
1388.0,5.9,Alien: Resurrection,15.57784,1997-11-12
2.0,4.5,Alien Escape,0.106499,1996-01-01
324.0,6.8,Amistad,2.263584,1997-12-03
39.0,6.1,The Apostle,9.21174,1997-10-09
10.0,6.2,Artemisia,0.989115,1997-09-10
34.0,6.3,Bent,3.546605,1997-11-26
1.0,6.0,Bang,0.679528,1995-09-09
7.0,5.4,The Boys,0.530702,1997-12-12
36.0,6.7,The Butcher Boy,7.801199,1997-07-13
188.0,7.3,Deconstructing Harry,6.280515,1997-08-26
707.0,5.3,Flubber,7.016942,1997-11-26
43.0,5.6,For Richer or Poorer,8.412203,1997-12-11
2880.0,7.9,Good Will Hunting,15.064833,1997-12-05
1.0,6.0,Guy,0.60839,1997-12-17
632.0,5.1,Home Alone 3,8.04209,1997-12-12
161.0,6.3,Midnight in the Garden of Good and Evil,5.145907,1997-11-21
297.0,6.2,MouseHunt,6.456233,1997-12-19
14.0,5.0,Office Killer,0.582559,1997-01-01
1.0,10.0,Other Voices Other Rooms,0.03668,1995-09-15
856.0,6.1,Scream 2,11.264845,1997-12-09
108.0,6.8,The Sweet Hereafter,6.002992,1997-05-14
7770.0,7.5,Titanic,26.88907,1997-11-18
941.0,6.0,Tomorrow Never Dies,17.159576,1997-12-11
1.0,4.5,Twisted,0.516097,1996-11-14
4.0,6.6,Full Speed,0.384033,1996-09-25
306.0,6.1,The Postman,6.537407,1997-12-25
296.0,6.7,The Horse Whisperer,7.685548,1998-05-14
10.0,6.9,The Winter Guest,0.923637,1997-12-27
1580.0,7.3,Jackie Brown,16.415498,1997-12-24
92.0,6.8,Kundun,5.01752,1997-12-25
75.0,3.9,Mr. Magoo,9.474269,1997-12-25
3001.0,7.8,The Big Lebowski,15.952524,1998-03-06
5.0,7.2,Afterglow,1.426289,1997-12-26
28.0,7.2,My Life in Pink,3.237812,1997-05-28
131.0,6.4,Great Expectations,9.941228,1998-01-19
38.0,3.9,3 Ninjas: High Noon at Mega Mountain,3.014082,1998-04-10
4.0,4.3,Caught Up,5.824019,1998-02-27
17.0,4.7,Firestorm,1.537212,1998-01-08
273.0,6.7,Wag the Dog,7.603652,1997-12-25
838.0,7.2,Dark City,12.851984,1998-02-27
16.0,4.9,Star Kid,1.079117,1997-01-16
181.0,5.5,Hard Rain,6.363405,1998-01-16
179.0,6.4,Half Baked,7.022548,1998-01-16
346.0,6.6,Fallen,6.381612,1998-01-16
23.0,7.0,Shooting Fish,1.631288,1997-08-22
49.0,5.9,The Prophecy II,7.747663,1998-01-20
124.0,4.7,Spice World,4.257516,1997-12-19
155.0,6.0,Deep Rising,6.922458,1998-01-30
2.0,5.5,Tainted,0.076396,1998-05-18
1.0,2.0,A Letter from Death Row,0.152449,1998-11-17
14.0,5.7,Music from Another Room,1.131018,1998-04-24
128.0,6.0,The Replacement Killers,9.384887,1998-02-06
14.0,5.8,B. Monkey,2.399824,1998-11-07
60.0,5.7,The Night Flier,7.146514,1997-04-30
166.0,5.2,Blues Brothers 2000,13.162168,1998-02-05
29.0,6.6,Tokyo Fist,1.673946,1995-01-01
4.0,6.8,Ride,0.987366,1998-03-27
603.0,6.5,The Wedding Singer,8.884035,1998-02-13
483.0,5.8,Sphere,7.124735,1998-02-13
3.0,7.2,Ayn Rand: A Sense of Life,0.13785,1998-02-13
1.0,6.0,Little City,0.036814,1997-04-04
29.0,5.7,Palmetto,4.475177,1998-02-20
946.0,7.2,As Good as It Gets,9.374049,1997-12-19
130.0,6.5,King of New York,11.230031,1990-07-18
36.0,6.1,Twilight,9.468224,1998-03-06
383.0,6.2,U.S. Marshals,8.462364,1998-03-06
7.0,6.4,Welcome to Woop Woop,0.569827,1998-08-13
11.0,6.9,Love and Death on Long Island,0.785094,1997-01-01
12.0,6.4,Midaq Alley,3.304718,1995-05-05
1.0,5.0,In God's Hands,0.327559,1998-04-24
20.0,6.3,Everest,2.096835,1998-03-06
44.0,5.9,Hush,8.753233,1998-03-06
86.0,6.7,Suicide Kings,9.262719,1997-09-06
1052.0,6.3,The Man in the Iron Mask,7.960605,1998-03-12
44.0,5.9,The Newton Boys,2.917013,1998-03-26
454.0,6.3,Wild Things,13.924623,1998-03-20
83.0,6.0,Paulie,3.913118,1998-04-17
7.0,5.6,"A Cool, Dry Place",0.837313,1998-01-29
118.0,7.6,Fireworks,5.044722,1997-09-03
97.0,6.1,Primary Colors,8.455425,1998-03-20
9.0,7.7,"Niagara, Niagara",0.782772,1997-08-30
12.0,5.2,Wide Awake,2.976537,1998-03-20
6.0,5.9,A Price Above Rubies,2.783205,1998-03-26
1.0,6.0,Eden,0.555276,1996-01-01
25.0,5.4,Two Girls and a Guy,4.967667,1997-09-07
4.0,5.8,No Looking Back,0.77403,1998-03-27
1.0,7.0,Storefront Hitchcock,0.036965,1998-03-27
5.0,5.8,The Proposition,2.57622,1998-03-26
75.0,5.6,The Object of My Affection,6.715856,1998-04-17
19.0,4.1,Meet the Deedles,7.336354,1998-03-27
16.0,5.5,Homegrown,1.840984,1998-01-01
15.0,6.2,The Players Club,5.519679,1998-04-08
8.0,2.9,Barney's Great Adventure,1.197711,1998-01-01
24.0,6.2,The Big One,2.238505,1997-09-06
9.0,5.8,Chinese Box,1.543766,1997-09-04
395.0,5.0,Lost in Space,12.000579,1998-04-03
5.0,5.1,Heaven's Burning,0.467352,1997-09-04
374.0,6.0,Mercury Rising,6.644644,1998-04-03
74.0,7.1,The Spanish Prisoner,4.305735,1997-09-08
537.0,6.5,City of Angels,8.228219,1998-04-10
50.0,6.8,The Last Days of Disco,8.666763,1998-05-29
28.0,6.1,The Odd Couple II,2.196028,1998-04-09
33.0,5.1,My Giant,6.422711,1998-04-10
140.0,6.7,He Got Game,13.06943,1998-05-01
37.0,5.7,The Gingerbread Man,7.883472,1998-01-23
1.0,5.0,Illtown,0.141163,1996-07-09
16.0,5.6,Slappy and the Stinkers,0.920655,1998-01-23
89.0,7.2,Live Flesh,6.715019,1997-10-28
56.0,6.0,Zero Effect,3.621052,1998-01-30
35.0,7.1,Nil by Mouth,3.035339,1997-05-08
136.0,5.8,The Borrowers,14.924667,1997-12-05
10.0,4.7,Prince Valiant,1.74053,1997-07-24
1.0,6.0,"I Love You, Don't Touch Me!",0.090048,1997-01-21
2.0,9.0,Leather Jacket Love Story,0.488656,1998-02-20
1.0,6.0,Love Walked In,0.376985,1997-01-18
9.0,3.0,"An Alan Smithee Film: Burn, Hollywood, Burn",1.453096,1998-02-20
16.0,5.9,Kissing a Fool,9.275956,1998-02-27
28.0,4.3,Krippendorf's Tribe,3.177318,1998-02-27
30.0,5.9,Kurt & Courtney,1.362407,1998-02-27
13.0,5.5,The Real Blonde,2.520458,1997-09-14
161.0,4.5,Species II,13.495247,1998-04-10
20.0,4.3,Major League: Back to the Minors,8.207548,1998-04-17
9.0,5.9,Sour Grapes,1.684341,1998-01-01
5.0,6.2,Wild Man Blues,0.312753,1997-01-16
112.0,6.1,The Big Hit,5.975082,1998-04-24
10.0,3.3,Tarzan and the Lost City,0.740462,1998-04-24
45.0,5.2,Black Dog,4.4467,1998-05-01
1.0,10.0,"Dancer, Texas Pop. 81",0.567444,1998-05-01
3.0,5.0,A Friend of the Deceased,0.117304,1997-09-10
157.0,7.1,Les Misérables,12.238488,1998-05-01
9.0,5.2,Still Breathing,1.161851,1997-09-01
13.0,5.6,Clockwatchers,1.885671,1997-01-01
870.0,5.9,Deep Impact,11.644633,1998-05-08
10.0,5.5,Woo,2.326115,1998-05-08
9.0,5.7,The Hanging Garden,0.437883,1997-01-01
32.0,7.3,Lawn Dogs,4.255263,1997-11-21
193.0,6.9,Quest for Camelot,13.02535,1998-05-15
1075.0,5.3,Godzilla,11.295121,1998-05-20
66.0,6.3,Bulworth,3.385342,1998-05-15
1321.0,7.2,Fear and Loathing in Las Vegas,9.220346,1998-05-22
56.0,5.9,The Opposite of Sex,14.734622,1998-05-22
8.0,5.4,I Got the Hook Up,0.993716,1998-05-27
57.0,5.5,Almost Heroes,8.92689,1998-05-29
82.0,5.8,Hope Floats,6.54478,1998-05-29
3.0,7.4,Little Boy Blue,1.40335,1997-06-01
14.0,5.9,The Ugly,0.774609,1997-08-26
320.0,6.3,A Perfect Murder,9.430812,1998-06-05
12.0,6.5,Beyond Silence,1.923957,1996-12-18
343.0,5.6,Six Days Seven Nights,18.324219,1998-06-12
122.0,6.1,Can't Hardly Wait,6.426937,1998-06-12
10.0,5.9,Cousin Bette,1.304145,1998-06-12
32.0,6.3,High Art,7.601439,1998-06-12
3.0,7.0,The Land Girls,1.514441,1998-09-25
5.0,5.8,Passion in the Desert,0.396851,1997-08-31
12.0,6.1,Dream for an Insomniac,5.540427,1996-04-18
29.0,6.9,Henry Fool,1.786768,1997-09-07
3.0,4.0,Marie from the Bay of Angels,0.171616,1998-06-19
10.0,6.1,Mr. Jealousy,0.728872,1997-09-11
2089.0,7.6,Mulan,21.180857,1998-06-18
2.0,7.0,Resurrection Man,0.543985,1998-02-13
494.0,6.6,The X Files,12.311615,1998-06-19
2.0,6.5,I Went Down,0.559621,1997-10-03
705.0,5.4,Doctor Dolittle,9.439079,1998-06-22
338.0,6.5,Out of Sight,7.349812,1998-06-26
156.0,7.1,Picnic at Hanging Rock,6.811264,1975-09-02
25.0,6.7,Smoke Signals,2.270828,1998-01-16
172.0,7.2,Buffalo '66,9.167761,1998-01-20
2540.0,6.5,Armageddon,13.235112,1998-07-01
782.0,6.3,Lethal Weapon 4,14.470551,1998-07-10
46.0,5.1,Madeline,2.847458,1998-07-10
522.0,6.2,Small Soldiers,10.03936,1998-07-10
600.0,7.1,Pi,10.621362,1998-07-10
2.0,8.3,Whatever,0.291914,1998-07-10
1616.0,6.5,There's Something About Mary,11.688958,1998-07-15
137.0,4.4,Plan 9 from Outer Space,8.084953,1959-07-22
166.0,7.5,All Quiet on the Western Front,15.235056,1930-04-29
22.0,5.1,Cimarron,1.133556,1931-02-09
67.0,6.5,Grand Hotel,11.118844,1932-05-25
17.0,4.6,Cavalcade,1.196324,1933-02-08
72.0,7.1,Mutiny on the Bounty,7.135215,1935-11-08
19.0,6.2,The Great Ziegfeld,0.715129,1936-04-08
19.0,6.6,The Life of Emile Zola,1.142535,1937-10-02
79.0,7.2,You Can't Take It With You,4.370592,1938-08-23
76.0,6.9,How Green Was My Valley,9.058578,1941-10-28
47.0,6.7,Mrs. Miniver,3.306745,1942-06-04
37.0,6.9,Going My Way,5.682778,1944-05-15
115.0,7.4,The Lost Weekend,8.731331,1945-11-25
148.0,7.6,The Best Years of Our Lives,6.069343,1946-12-25
48.0,6.8,Gentleman's Agreement,6.857318,1947-11-11
48.0,7.1,Hamlet,3.188067,1948-03-25
51.0,6.3,All the King's Men,3.975372,1949-11-08
51.0,6.6,The Greatest Show on Earth,4.011363,1952-01-10
137.0,7.2,From Here to Eternity,5.358582,1953-08-28
368.0,8.0,On the Waterfront,18.211093,1954-06-22
75.0,7.2,Marty,11.589081,1955-04-11
399.0,7.0,West Side Story,8.389903,1961-10-18
40.0,6.1,Tom Jones,3.315827,1963-10-06
90.0,7.5,A Man for All Seasons,6.997888,1966-12-12
207.0,7.5,In the Heat of the Night,9.059617,1967-08-02
106.0,7.0,Oliver!,8.630078,1968-09-26
307.0,7.4,Midnight Cowboy,10.579988,1969-05-25
435.0,7.4,The French Connection,6.694959,1971-10-09
1843.0,7.5,Rocky,14.774066,1976-11-21
483.0,7.4,Kramer vs. Kramer,9.741644,1979-12-18
147.0,7.4,Ordinary People,8.934661,1980-09-19
213.0,6.9,Chariots of Fire,6.877698,1981-05-15
178.0,6.9,Terms of Endearment,8.785209,1983-11-20
290.0,7.0,Out of Africa,14.004074,1985-12-20
362.0,7.4,The Last Emperor,11.076971,1987-10-21
1762.0,7.6,Rain Man,11.267467,1988-12-11
358.0,7.0,Driving Miss Daisy,10.703677,1989-12-13
177.0,7.0,Take the Money and Run,9.15948,1969-08-18
88.0,6.5,Klute,9.328822,1971-06-21
146.0,6.7,Repo Man,6.357559,1984-02-20
39.0,7.0,Metropolitan,1.68399,1990-08-03
618.0,7.1,Labyrinth,13.009688,1986-06-27
2189.0,7.8,The Breakfast Club,12.627678,1985-02-15
367.0,5.7,A Nightmare on Elm Street Part 2: Freddy's Revenge,8.668146,1985-10-31
363.0,6.5,A Nightmare on Elm Street 3: Dream Warriors,10.035081,1987-02-27
287.0,5.8,A Nightmare on Elm Street 4: The Dream Master,8.120317,1988-08-19
251.0,5.5,A Nightmare on Elm Street 5: The Dream Child,7.534739,1989-08-11
280.0,5.1,Freddy's Dead: The Final Nightmare,11.560358,1991-09-05
622.0,6.4,Friday the 13th,12.146747,1980-05-09
321.0,6.0,Friday the 13th Part 2,8.710824,1981-05-01
257.0,5.7,Friday the 13th Part III,7.99229,1982-08-13
241.0,5.9,Friday the 13th: The Final Chapter,10.175913,1984-04-13
200.0,5.1,Friday the 13th: A New Beginning,9.094477,1985-03-22
219.0,5.7,Friday the 13th Part VI: Jason Lives,8.122042,1986-08-01
196.0,5.3,Friday the 13th Part VII: The New Blood,7.909022,1988-05-13
194.0,4.8,Friday the 13th Part VIII: Jason Takes Manhattan,7.743144,1989-07-28
1066.0,7.4,Halloween,13.672759,1978-10-25
370.0,6.4,Halloween II,13.501144,1981-10-30
232.0,5.0,Halloween III: Season of the Witch,6.066618,1982-10-22
212.0,5.9,Halloween 4: The Return of Michael Myers,6.199806,1988-10-21
187.0,5.3,Halloween 5: The Revenge of Michael Myers,6.585405,1989-10-12
85.0,6.0,Prom Night,3.65867,1980-07-18
35.0,6.0,Hello Mary Lou: Prom Night II,5.383766,1987-11-13
15.0,5.1,Prom Night III: The Last Kiss,1.506989,1990-03-30
15.0,4.4,Prom Night IV: Deliver Us from Evil,2.190786,1992-02-14
605.0,6.3,Child's Play,19.827546,1988-11-08
323.0,5.8,Child's Play 2,14.310479,1990-11-09
274.0,5.5,Child's Play 3,24.515462,1991-08-30
811.0,7.1,Poltergeist,11.776326,1982-06-04
172.0,5.8,Poltergeist II: The Other Side,6.701138,1986-05-23
127.0,4.6,Poltergeist III,7.977693,1988-06-10
2046.0,7.5,The Exorcist,12.137595,1973-12-26
137.0,4.5,Exorcist II: The Heretic,8.266984,1977-06-17
135.0,6.1,The Exorcist III,5.861032,1990-08-17
1367.0,7.0,Lethal Weapon,13.183804,1987-03-06
1066.0,6.7,Lethal Weapon 2,12.834276,1989-07-07
824.0,6.4,Lethal Weapon 3,10.786007,1992-05-15
1629.0,6.9,Gremlins,11.333125,1984-06-07
664.0,6.3,Gremlins 2: The New Batch,14.383185,1990-06-15
1563.0,7.4,The Goonies,14.280703,1985-06-06
1211.0,6.3,The Mask of Zorro,11.348096,1998-07-16
18.0,5.4,Polish Wedding,4.387797,1998-01-16
305.0,6.8,Soylent Green,7.630456,1973-04-19
3926.0,7.4,Back to the Future Part II,13.689855,1989-11-20
2978.0,7.1,Back to the Future Part III,13.043999,1990-05-25
274.0,7.3,The Poseidon Adventure,10.341849,1972-12-01
64.0,6.3,Freaky Friday,8.977922,1976-12-17
41.0,6.7,The Absent-Minded Professor,3.708247,1961-03-16
18.0,6.3,The Apple Dumpling Gang Rides Again,1.036492,1979-06-27
18.0,5.8,Babes in Toyland,1.365451,1961-12-14
1450.0,6.8,Bambi,13.698132,1942-08-14
892.0,8.2,Seven Samurai,15.01777,1954-04-26
267.0,7.1,Dangerous Liaisons,11.46781,1988-12-16
576.0,6.5,Dune,9.261189,1984-12-14
206.0,7.0,The Last Temptation of Christ,11.370288,1988-08-12
1589.0,7.1,The Godfather: Part III,17.185349,1990-12-24
15.0,6.4,The Rapture,8.319631,1991-10-04
288.0,7.0,Lolita,10.618141,1997-09-27
104.0,5.5,Disturbing Behavior,11.054751,1998-07-24
52.0,5.4,Jane Austen's Mafia!,6.046893,1998-07-24
5148.0,7.9,Saving Private Ryan,21.758054,1998-07-24
11.0,5.2,Billy's Hollywood Screen Kiss,3.993327,1998-07-24
13.0,5.7,The Million Dollar Duck,0.808654,1971-06-30
10.0,5.2,The Barefoot Executive,0.914294,1971-03-17
228.0,6.5,The Black Cauldron,9.806685,1985-07-24
132.0,6.1,The Black Hole,7.499388,1979-12-18
42.0,6.9,Blackbeard's Ghost,2.895685,1968-02-08
87.0,5.1,Blank Check,12.960346,1994-02-11
28.0,7.0,Candleshoe,2.69658,1977-12-16
27.0,5.6,The Cat from Outer Space,2.889806,1978-06-09
10.0,5.9,Cheetah,0.011574,1989-08-18
28.0,5.8,The Computer Wore Tennis Shoes,4.044429,1969-12-29
37.0,5.6,Condorman,3.327697,1981-07-02
135.0,5.8,D2: The Mighty Ducks,11.117131,1994-03-25
35.0,6.7,Darby O'Gill and the Little People,3.276605,1959-06-29
6.0,6.3,The Devil and Max Devlin,0.537292,1981-03-06
15.0,6.3,A Far Off Place,9.040158,1993-03-12
227.0,6.9,Flight of the Navigator,5.526865,1986-07-30
23.0,5.8,The Gnome-Mobile,1.479408,1967-07-17
334.0,6.9,The Great Mouse Detective,11.183924,1986-07-02
8.0,5.8,The Happiest Millionaire,3.395277,1967-06-26
48.0,5.3,Herbie Goes Bananas,3.13734,1980-06-25
65.0,5.9,Herbie Goes To Monte Carlo,4.705091,1977-06-24
491.0,6.5,Hocus Pocus,10.390708,1993-07-16
272.0,4.8,Honey I Blew Up the Kid,12.337898,1992-07-16
756.0,6.1,"Honey, I Shrunk the Kids",12.358786,1989-06-22
11.0,5.7,Hot Lead & Cold Feet,1.366163,1978-07-05
20.0,6.2,In Search of the Castaways,2.679615,1962-12-01
22.0,6.3,The Incredible Journey,1.791587,1963-11-20
593.0,6.8,The Negotiator,7.65502,1998-07-29
768.0,6.8,The Parent Trap,7.768828,1998-07-28
150.0,5.9,BASEketball,10.107454,1998-07-28
19.0,7.0,Full Tilt Boogie,11.009822,1997-09-09
8.0,6.8,The Governess,0.666802,1998-07-31
3.0,4.7,Seventh Heaven,0.431005,1997-12-17
92.0,7.4,Roger & Me,4.877009,1989-09-01
206.0,7.3,The Purple Rose of Cairo,6.133697,1985-03-01
111.0,7.6,Out of the Past,5.34379,1947-11-13
252.0,7.4,Doctor Zhivago,8.489499,1965-12-22
12.0,7.3,The Trip to Bountiful,1.210627,1985-12-20
22.0,6.1,Tender Mercies,1.160488,1983-04-02
24.0,5.8,And the Band Played On,2.643288,1993-09-11
312.0,6.6,The 'Burbs,7.889227,1989-02-17
39.0,6.6,Fandango,11.350645,1985-01-25
53.0,6.6,The Night Porter,4.266305,1974-04-03
33.0,7.1,Mephisto,5.663598,1981-04-29
758.0,7.7,Blue Velvet,7.882247,1986-08-01
27.0,6.4,The Journey of Natty Gann,1.29288,1985-09-25
1791.0,7.1,The Jungle Book,22.845448,1967-10-17
6.0,6.4,Kidnapped,2.532177,1960-01-01
1241.0,6.9,Lady and the Tramp,12.994387,1955-06-16
1921.0,7.2,The Little Mermaid,17.496832,1989-11-17
203.0,6.4,The Mighty Ducks,6.113646,1992-10-01
217.0,7.2,The Muppet Christmas Carol,14.630571,1992-12-10
66.0,6.2,Newsies,4.095602,1992-04-10
1643.0,6.8,One Hundred and One Dalmatians,15.727519,1961-01-25
15.0,5.7,One Magic Christmas,11.890036,1985-11-22
1380.0,7.0,Peter Pan,16.861533,1953-02-05
157.0,5.3,Popeye,9.126162,1980-12-12
303.0,6.6,The Rescuers Down Under,1.562471,1990-11-16
609.0,6.7,The Rescuers,11.32442,1977-06-22
38.0,5.6,Return from Witch Mountain,3.936986,1978-03-10
447.0,5.7,The Return of Jafar,12.099799,1994-12-15
122.0,6.6,Return to Oz,6.523262,1985-06-21
265.0,6.3,The Rocketeer,10.536644,1991-06-21
15.0,5.4,The Shaggy D.A.,1.48253,1976-12-17
1332.0,6.8,Sleeping Beauty,14.276169,1959-01-28
38.0,6.6,Something Wicked This Way Comes,3.985819,1983-04-29
16.0,6.7,Son of Flubber,2.545544,1963-01-16
69.0,6.9,Song of the South,4.045635,1946-11-12
328.0,6.1,Splash,8.441602,1984-03-09
7.0,6.1,Squanto: A Warrior's Tale,1.935006,1994-10-28
15.0,6.6,Tall Tale,1.283015,1995-03-24
9.0,5.9,Tex,5.540117,1982-07-30
717.0,6.6,Tron,16.574021,1982-07-09
63.0,6.7,Swing Kids,4.379054,1993-03-05
306.0,5.7,Halloween: H20,8.619068,1998-08-05
88.0,6.4,L.A. Story,7.775188,1991-02-08
272.0,7.0,The Jerk,5.873021,1979-12-14
104.0,6.5,Dead Men Don't Wear Plaid,5.515136,1982-05-21
131.0,6.2,The Man with Two Brains,12.157229,1983-06-10
51.0,6.8,Grand Canyon,4.422985,1991-12-25
52.0,4.5,Graveyard Shift,4.668541,1990-10-26
293.0,6.9,The Outsiders,6.435926,1983-03-25
2841.0,7.1,Indiana Jones and the Temple of Doom,15.802306,1984-05-23
187.0,6.1,The Lord of the Rings,7.914795,1978-11-15
311.0,6.8,Nineteen Eighty-Four,11.513066,1984-10-10
320.0,6.9,The Dead Zone,11.194448,1983-10-21
170.0,5.5,Maximum Overdrive,6.614078,1986-07-25
136.0,5.9,Needful Things,10.560238,1993-08-27
194.0,5.7,Cujo,7.065626,1983-08-10
243.0,5.6,Children of the Corn,11.84696,1984-03-09
244.0,6.3,All Dogs Go to Heaven,7.068389,1989-11-17
871.0,6.7,The Addams Family,12.962525,1991-11-22
408.0,6.8,Ever After: A Cinderella Story,13.309701,1998-07-31
331.0,5.8,Snake Eyes,11.604533,1998-08-07
1.0,3.0,"First Love, Last Rites",0.546143,1998-08-07
17.0,6.3,Safe Men,3.383704,1998-08-17
3.0,6.5,The Saltmen of Tibet,0.113565,1997-04-25
58.0,6.7,Atlantic City,3.835188,1980-09-02
199.0,7.8,Who's Afraid of Virginia Woolf?,5.564294,1966-06-21
169.0,6.6,Adventures in Babysitting,7.230508,1987-07-01
375.0,6.4,Weird Science,11.104542,1985-08-01
42.0,6.0,Doctor Dolittle,3.896319,1967-12-19
90.0,6.6,The Nutty Professor,6.36551,1963-06-04
100.0,6.2,Charlotte's Web,7.574372,1973-03-01
159.0,7.3,Watership Down,5.602126,1978-10-14
186.0,7.5,The Secret of NIMH,10.812275,1982-06-17
233.0,7.3,The Dark Crystal,13.524001,1982-12-17
344.0,6.6,An American Tail,11.928545,1986-11-21
180.0,6.2,An American Tail: Fievel Goes West,8.800701,1991-11-21
282.0,6.2,Legend,10.932786,1985-07-19
455.0,6.9,Sixteen Candles,6.683723,1984-05-04
313.0,6.6,Pretty in Pink,8.568378,1986-02-28
133.0,6.0,St. Elmo's Fire,9.116245,1985-06-20
28.0,4.7,The Clan of the Cave Bear,10.750748,1986-01-17
144.0,5.8,House,13.208902,1986-02-28
66.0,5.0,House II: The Second Story,13.416334,1987-05-14
251.0,7.1,The Gods Must Be Crazy,10.973482,1980-09-10
91.0,6.5,The Gods Must Be Crazy II,4.993561,1989-07-01
41.0,4.6,Air Bud: Golden Receiver,3.576604,1998-08-14
205.0,4.4,The Avengers,9.562953,1998-08-13
24.0,6.0,How Stella Got Her Groove Back,3.645263,1998-08-14
45.0,6.5,Slums of Beverly Hills,5.913162,1998-08-14
3.0,5.3,The Chambermaid on the Titanic,0.406397,1997-10-10
5.0,5.8,"Henry II, Portrait of a Serial Killer",1.597247,1996-10-10
142.0,6.8,Henry: Portrait of a Serial Killer,10.072668,1986-09-24
892.0,7.5,Rosemary's Baby,11.504558,1968-06-12
1031.0,7.0,The NeverEnding Story,14.225919,1984-04-05
193.0,5.5,The Neverending Story II: The Next Chapter,6.658994,1990-10-24
74.0,4.7,Attack of the Killer Tomatoes!,3.625313,1978-10-01
21.0,3.5,Surf Nazis Must Die,1.788913,1987-07-03
17.0,5.9,Your Friends & Neighbors,1.564774,1998-02-04
40.0,6.5,Return to Paradise,4.831458,1998-08-10
1950.0,6.5,Blade,15.043454,1998-08-21
24.0,5.6,Dance with Me,7.894516,1998-08-21
49.0,5.6,Dead Man on Campus,9.183343,1998-08-21
91.0,5.7,Wrongfully Accused,9.852635,1998-08-21
21.0,6.0,Next Stop Wonderland,0.798015,1998-08-21
23.0,6.4,All I Wanna Do,1.983933,1998-08-21
20.0,6.3,The Navigator: A Medieval Odyssey,1.478701,1988-09-16
1475.0,7.1,Beetlejuice,10.627364,1988-02-29
1.0,8.0,Déjà Vu,0.438882,1998-04-22
539.0,7.8,Rope,7.248676,1948-08-23
86.0,6.7,Family Plot,4.845776,1976-04-09
162.0,7.2,Frenzy,5.316387,1972-05-25
78.0,6.1,Topaz,5.757907,1969-12-18
120.0,6.4,Torn Curtain,6.243248,1966-07-13
233.0,7.2,Marnie,6.409094,1964-07-09
105.0,6.9,The Wrong Man,8.56081,1956-12-22
276.0,7.3,The Man Who Knew Too Much,12.547763,1956-06-01
152.0,6.9,The Trouble with Harry,6.486117,1955-10-03
82.0,7.0,I Confess,10.424982,1953-02-28
379.0,7.6,Strangers on a Train,15.41773,1951-06-18
61.0,6.8,Stage Fright,4.329397,1950-02-23
138.0,5.5,54,8.736869,1998-08-28
12.0,7.5,I Married a Strange Person!,0.817002,1998-08-28
12.0,6.4,Why Do Fools Fall In Love,0.897413,1998-08-28
3.0,6.3,Keep the Aspidistra Flying,0.691061,1997-11-20
7.0,7.4,See the Sea,0.892546,1997-12-03
484.0,6.9,Willow,9.918312,1988-05-01
1424.0,7.6,The Untouchables,11.062203,1987-06-02
66.0,6.5,Dirty Work,7.061315,1998-06-12
65.0,4.7,Knock Off,5.213714,1998-09-04
15.0,7.0,Firelight,5.57396,1997-09-14
2.0,8.5,Modulations,0.100482,1998-09-18
14.0,5.2,Phoenix,1.643899,1998-09-04
27.0,6.1,Under Capricorn,2.972892,1949-09-08
42.0,6.3,The Paradine Case,3.983539,1947-12-31
112.0,7.3,Lifeboat,7.773354,1944-01-11
219.0,7.5,Shadow of a Doubt,8.007141,1943-01-16
91.0,6.8,Saboteur,4.911826,1942-04-24
36.0,5.7,Mr. & Mrs. Smith,2.761605,1941-01-30
140.0,7.1,Suspicion,5.660476,1941-11-14
43.0,5.6,Jamaica Inn,3.876608,1939-05-11
183.0,7.5,The Lady Vanishes,6.078088,1938-07-26
42.0,6.8,Young and Innocent,3.824884,1937-11-01
60.0,6.7,Sabotage,6.514753,1936-12-02
36.0,6.7,Secret Agent,4.119907,1936-06-12
73.0,6.4,The Man Who Knew Too Much,7.294135,1934-11-30
11.0,4.8,Waltzes from Vienna,0.751957,1934-01-31
19.0,5.3,Number Seventeen,1.962002,1932-07-18
16.0,5.5,Rich and Strange,1.581063,1931-12-10
15.0,4.9,The Skin Game,1.775534,1931-02-26
2.0,3.8,Elstree Calling,1.453276,1930-02-01
11.0,5.1,Juno and the Paycock,1.783776,1930-06-29
19.0,6.3,Murder!,1.988389,1930-07-31
1.0,10.0,The Farmer's Wife,0.211754,2012-06-20
451.0,6.9,Rounders,8.783454,1998-09-11
1101.0,6.9,Cube,12.095263,1997-09-09
10.0,6.5,Digging to China,1.486062,1997-07-07
2.0,9.3,One Man's Hero,0.996778,1999-08-02
52.0,6.5,Simon Birch,2.651408,1998-09-11
20.0,6.4,Without Limits,3.643468,1998-09-11
10.0,8.8,Seven Beauties,1.356974,1975-12-20
36.0,7.4,Swept Away,1.614531,1974-12-18
31.0,6.2,My Bodyguard,2.48642,1980-07-11
38.0,5.8,Class,3.169554,1983-07-22
7.0,5.8,"Grandview, U.S.A.",8.143655,1984-08-03
101.0,6.8,Broadcast News,8.627019,1987-12-16
4.0,4.3,The Allnighter,0.612445,1987-05-01
242.0,6.5,Working Girl,8.318954,1988-12-20
2.0,5.3,Stars & Bars,0.40317,1988-03-18
67.0,5.8,Married to the Mob,5.611184,1988-08-19
244.0,7.2,Say Anything...,6.953646,1989-04-14
72.0,6.0,My Blue Heaven,5.451623,1990-08-17
10.0,6.6,Men Don't Leave,0.728037,1990-02-02
100.0,6.3,Hero,5.584089,1992-10-02
173.0,5.0,Toys,5.923774,1992-12-18
13.0,5.2,Young Doctors in Love,1.768854,1982-07-16
8.0,5.1,Parasite,0.577976,1982-03-12
13.0,5.4,No Small Affair,8.895355,1984-11-09
49.0,5.9,Blame It on Rio,7.643886,1984-02-17
15.0,5.9,Wisdom,1.710851,1986-12-31
54.0,6.4,One Crazy Summer,4.66789,1986-08-08
51.0,5.6,About Last Night...,2.769589,1986-07-02
79.0,5.9,The Seventh Sign,4.720395,1988-04-01
106.0,5.6,We're No Angels,14.348459,1989-12-15
88.0,5.0,Nothing but Trouble,10.39662,1991-02-14
35.0,5.6,The Butcher's Wife,6.825983,1991-10-25
43.0,5.3,Mortal Thoughts,5.133778,1991-04-19
899.0,7.1,A Few Good Men,12.330249,1992-12-11
300.0,5.8,Indecent Proposal,7.118123,1993-04-07
32.0,6.0,Permanent Midnight,3.357962,1998-09-12
27.0,6.2,One True Thing,2.586355,1998-09-18
1254.0,6.8,Rush Hour,11.840557,1998-09-18
2.0,6.0,Lilian's Story,0.964894,1996-05-09
36.0,5.8,Six-String Samurai,2.740989,1998-09-18
5.0,7.0,A Soldier's Daughter Never Cries,0.85691,1998-09-18
670.0,6.8,Ronin,9.672094,1998-09-25
293.0,5.6,Urban Legend,6.081401,1998-09-25
39.0,6.3,Clay Pigeons,6.108589,1998-09-25
8.0,6.3,Monument Ave.,2.258288,1998-09-25
52.0,6.0,Pecker,2.348919,1998-09-16
51.0,6.4,The Sheltering Sky,13.798247,1990-10-24
11.0,7.1,Bandit Queen,0.976798,1994-09-09
80.0,7.2,If....,12.083475,1968-12-19
